SET SQL_MODE = "NO_AUTO_VALUE_ON_ZERO";
SET AUTOCOMMIT = 0;
START TRANSACTION;
SET time_zone = "+00:00";

/*!40101 SET @OLD_CHARACTER_SET_CLIENT=@@CHARACTER_SET_CLIENT */;
/*!40101 SET @OLD_CHARACTER_SET_RESULTS=@@CHARACTER_SET_RESULTS */;
/*!40101 SET @OLD_COLLATION_CONNECTION=@@COLLATION_CONNECTION */;
/*!40101 SET NAMES utf8mb4 */;


CREATE TABLE `album` (
  `id` int(11) NOT NULL,
  `title` varchar(50) NOT NULL,
  `description` varchar(400) NOT NULL
) ENGINE=InnoDB DEFAULT CHARSET=utf8 ROW_FORMAT=COMPACT;

INSERT INTO `album` (`id`, `title`, `description`) VALUES
(1, '5 Franck & Bach', 'Add 1 542 a, 3 653 g, 5 656 A'),
(2, '2 Franck & Chopin', 'Piano works of Chopin'),
(3, '1 Franck & Brahms', 'Record in Delft'),
(4, '4 Franck & Liszt', 'Prelude, choral et fugue, liszt Weinen Klagen...'),
(5, '3 Franck & Duruflé', 'Franck & Duruflé'),
(6, 'Messiaen & Satie', 'Messiaen & Satie'),
(7, 'Noël', 'Noël'),
(8, 'Triniton', 'Triniton'),
(10, '0 Small is beautiful', 'Small is beautiful'),
(12, '7 Eroica', 'Eroica'),
(13, 'Hindemith & Mendelssohn', 'Hindemith & Mendelssohn');

CREATE TABLE `collection` (
  `id` int(11) NOT NULL,
  `title` varchar(50) NOT NULL,
  `description` varchar(400) DEFAULT NULL,
  `musical_form_id` int(11) DEFAULT NULL
) ENGINE=InnoDB DEFAULT CHARSET=utf8 ROW_FORMAT=COMPACT;

INSERT INTO `collection` (`id`, `title`, `description`, `musical_form_id`) VALUES
(1, 'Orgelbüchlein', '\"Little Organ Book\", a collection of 46 chorale preludes for organ written by Johann Sebastian Bach, of which most are short and requiring only a single keyboard and pedal.', NULL),
(2, 'Six Pièces', NULL, NULL),
(3, 'Trois Pièces', NULL, NULL),
(4, 'Trois Chorals', NULL, NULL),
(5, 'Messe de la Pentecôte', NULL, 6),
(6, 'l\'Ascension', 'Quatre Méditations Symphoniques', NULL),
(7, 'Drei Präludien und Fugen', NULL, 7),
(8, 'Sonata I', 'Sonata I by F. Mendelssohn', 9),
(9, 'Sonata II', 'Sonata II by F. Mendelssohn', 9),
(10, 'Sonata III', 'Sonata III by F. Mendelssohn', 9),
(11, 'Sonata IV', 'Sonata II by F. Mendelssohn', 9),
(12, 'Sonata V', 'Sonata V by F. Mendelssohn', 9),
(13, 'Sonata VI', 'Sonata VI by F. Mendelssohn', 9),
(14, 'Vier frühe Kompositionen', NULL, NULL),
(15, 'Elf Choralvorspiele', NULL, NULL),
(16, 'Fantasie und Fuge in d moll', NULL, 7),
(17, 'Douze Pièces', NULL, NULL),
(18, 'Messe Basse pour tous les Temps', NULL, 6),
(19, 'Sonata Eroica', NULL, 9),
(20, 'Messe für orgel', NULL, 6),
(21, 'Requiem für orgel', NULL, 6),
(22, '24 Pièces en style libre', NULL, NULL),
(23, 'Ricercari', NULL, NULL),
(24, 'Pomp and Circumstance Marches', 'Pomp and Circumstance Military Marches', NULL),
(25, 'Sonate II', NULL, 9),
(26, 'Sonata no. 1', NULL, 9),
(27, '20 Pop-Stücke für Orgel', NULL, NULL);

CREATE TABLE `composer` (
  `id` int(11) NOT NULL,
  `initials` varchar(20) NOT NULL,
  `surname` varchar(50) NOT NULL,
  `last_name` varchar(50) NOT NULL,
  `birth_year` smallint(6) NOT NULL,
  `birth_month` tinyint(4) DEFAULT NULL,
  `birth_day` tinyint(4) DEFAULT NULL,
  `death_year` smallint(6) DEFAULT NULL,
  `death_month` tinyint(4) DEFAULT NULL,
  `death_day` tinyint(4) DEFAULT NULL,
  `country` varchar(50) NOT NULL,
  `work_index_name` varchar(20) DEFAULT NULL
) ENGINE=InnoDB DEFAULT CHARSET=utf8 ROW_FORMAT=COMPACT;

INSERT INTO `composer` (`id`, `initials`, `surname`, `last_name`, `birth_year`, `birth_month`, `birth_day`, `death_year`, `death_month`, `death_day`, `country`, `work_index_name`) VALUES
(1, 'J.S.', 'Johann Sebastian', 'Bach', 1685, 3, 21, 1750, 7, 28, 'Germany', 'BWV'),
(2, 'C.', 'César', 'Franck', 1822, 12, 10, 1890, 11, 8, 'France', 'CCF'),
(3, 'O.', 'Olivier', 'Messiaen', 1908, 12, 10, 1992, 4, 27, 'France', NULL),
(4, 'M.', 'Maurice', 'Duruflé', 1902, 1, 11, 1986, 6, 16, 'France', NULL),
(5, 'F.', 'Franz', 'Liszt', 1811, 10, 22, 1886, 7, 31, 'Hungary', 'S.'),
(6, 'F.', 'Felix', 'Mendelssohn', 1809, 2, 3, 1847, 11, 4, 'Germany', NULL),
(7, 'J.', 'Johannes', 'Brahms', 1833, 5, 7, 1897, 4, 3, 'Germany', NULL),
(8, 'M.', 'Max', 'Reger', 1873, 3, 19, 1916, 5, 11, 'Germany', NULL),
(9, 'W.A.', 'Wolfgang Amadeus', 'Mozart', 1756, 1, 27, 1791, 12, 5, 'Austria', 'KV'),
(10, 'J.', 'Joseph', 'Jongen', 1873, 12, 14, 1953, 7, 12, 'Belgium', NULL),
(11, 'G.', 'Gaston', 'Litaize', 1909, 8, 11, 1991, 8, 5, 'France', NULL),
(12, 'C.V.', 'Charles Villiers', 'Stanford', 1852, 9, 30, 1924, 3, 29, 'England', NULL),
(13, 'L.', 'Louis', 'Vierne', 1870, 10, 8, 1937, 6, 2, 'France', NULL),
(14, 'M.', 'Michael', 'Radulescu', 1943, 1, 1, NULL, NULL, NULL, 'Germany', NULL),
(15, 'E.', 'Edward', 'Elgar', 1857, 6, 2, 1934, 2, 23, 'England', NULL),
(16, 'G.R.', 'George Robertson', 'Sinclair', 1863, 10, 28, 1917, 2, 7, 'England', NULL),
(17, 'P.', 'Paul', 'Hindemith', 1895, 11, 16, 1963, 12, 28, 'Germany', NULL),
(18, 'R.L.', 'René Louis', 'Becker', 1882, 1, 1, 1956, 1, 1, 'United States', NULL),
(19, 'A.', 'Arvo', 'Pärt', 1935, 9, 11, NULL, NULL, NULL, 'Estonia', NULL),
(20, 'J.', 'Jan', 'Welmers', 1937, 1, 1, NULL, NULL, NULL, 'The Netherlands', NULL),
(21, 'S.', 'Sofia', 'Gubaidulina', 1931, 1, 1, NULL, NULL, NULL, 'Russia', NULL),
(22, 'P.', 'Paul', 'Hofhaimer', 1600, NULL, NULL, 1600, NULL, NULL, 'Austria', NULL),
(23, 'L.', 'Ludwig', 'Senfl', 1600, NULL, NULL, 1600, NULL, NULL, 'Switzerland', NULL),
(24, 'J.', 'Johann', 'Walter', 1600, NULL, NULL, 1600, NULL, NULL, 'Germany', NULL),
(25, 'G.', 'Girolamo', 'Cavazzoni', 1600, NULL, NULL, 1600, NULL, NULL, 'Italy', NULL),
(26, 'N.', 'Nicolaus von', 'Krakau', 1600, NULL, NULL, 1600, NULL, NULL, 'Poland', NULL),
(27, 'A.', 'Antonio de', 'Cabezón', 1600, NULL, NULL, 1600, NULL, NULL, 'Spain', NULL),
(28, 'A.', 'Andrea', 'Gabrieli', 1600, NULL, NULL, 1600, NULL, NULL, 'Italy', NULL),
(29, 'O.', 'Orlando di', 'Lasso', 1600, NULL, NULL, 1600, NULL, NULL, 'Germany', NULL),
(30, 'G.', 'Giovanni', 'Gabrieli', 1600, NULL, NULL, 1612, 1, 1, 'Italy', NULL),
(31, 'H.', 'Hans Leo', 'Hassler', 1600, NULL, NULL, 1612, 1, 1, 'Germany', NULL),
(32, 'O.', 'Orlando', 'Gibbons', 1600, NULL, NULL, 1625, 1, 1, 'England', NULL),
(33, 'J.', 'Jakob', 'Praetorius', 1600, NULL, NULL, 1651, 10, 22, 'Germany', NULL),
(34, 'M.', 'Melchior', 'Schildt', 1600, NULL, NULL, 1667, 5, 18, 'Germany', NULL),
(35, 'J.', 'Johann Ulrich', 'Steigleder', 1600, NULL, NULL, 1635, 10, 10, 'Germany', NULL),
(36, 'H.', 'Heinrich', 'Scheidemann', 1600, NULL, NULL, 1663, 1, 1, 'Germany', NULL),
(37, 'A.', 'Andrzej', 'Rohaczewski', 1600, NULL, NULL, 1630, 1, 1, 'Poland', NULL),
(38, 'M.', 'Matthias', 'Weckmann', 1616, 1, 1, 1674, 2, 24, 'Germany', NULL),
(39, 'N.', 'Nicolas-Antoine le', 'Bègue', 1631, 1, 1, 1702, 7, 6, 'France', NULL),
(40, 'H.', 'Henry', 'Purcell', 1659, 1, 1, 1695, 11, 21, 'England', NULL),
(41, 'B.', 'Bohuslav', 'Černohorský', 1684, 1, 1, 1742, 7, 1, 'Czechia', NULL),
(42, 'D.', 'Domenico', 'Scarlatti', 1685, 1, 26, 1757, 7, 23, 'Italy', NULL),
(43, 'L.', 'Louis-Claude d\'', 'Aquin', 1694, 7, 4, 1772, 6, 15, 'France', NULL),
(44, 'M.', 'Michael', 'Schütz', 1963, 7, 29, NULL, NULL, NULL, 'Germany', NULL),
(45, 'T.', 'Thomas', 'Tallis', 1600, NULL, NULL, 1600, NULL, NULL, 'England', NULL),
(46, 'M.', 'Marcel', 'Dupré', 1886, 5, 3, 1971, 5, 30, 'France', NULL),
(47, 'O.', 'Otto', 'Nicolai', 1810, 1, 1, 1849, 1, 1, 'Germany', NULL),
(48, 'F.', 'Frédéric', 'Chopin', 1810, 3, 1, 1849, 10, 17, 'Poland', NULL),
(49, 'G.', 'Giuseppe', 'Verdi', 1813, 10, 10, 1901, 1, 27, 'Italy', NULL),
(50, 'R.', 'Richard', 'Wagner', 1813, 5, 22, 1883, 2, 13, 'Germany', 'WWV');

CREATE TABLE `composition` (
  `id` int(11) NOT NULL,
  `title` varchar(50) NOT NULL,
  `composer_id` int(11) NOT NULL,
  `full_title` varchar(200) DEFAULT NULL,
  `tonality_code` varchar(7) DEFAULT NULL,
  `opus` varchar(10) DEFAULT NULL,
  `instrumentation_code` varchar(5) NOT NULL DEFAULT 'ORG2P',
  `composition_year` smallint(6) NOT NULL,
  `transcriber_id` int(11) DEFAULT NULL,
  `initial_instrumentation_code` varchar(5) DEFAULT NULL,
  `collection_id` int(11) DEFAULT NULL,
  `collection_position` int(11) DEFAULT NULL,
  `duration` int(11) DEFAULT NULL,
  `theme` varchar(50) DEFAULT NULL,
  `additional_info` varchar(400) DEFAULT NULL,
  `musical_form_id` int(11) DEFAULT NULL,
  `status_id` int(11) NOT NULL DEFAULT '3',
  `to_be_recorded` tinyint(4) NOT NULL DEFAULT '0'
) ENGINE=InnoDB DEFAULT CHARSET=utf8 ROW_FORMAT=COMPACT;

INSERT INTO `composition` (`id`, `title`, `composer_id`, `full_title`, `tonality_code`, `opus`, `instrumentation_code`, `composition_year`, `transcriber_id`, `initial_instrumentation_code`, `collection_id`, `collection_position`, `duration`, `theme`, `additional_info`, `musical_form_id`, `status_id`, `to_be_recorded`) VALUES
(1, 'Nun komm, der Heiden Heiland', 1, NULL, 'AMin', '599', 'ORG1P', 1714, NULL, NULL, 1, 1, 1, 'Advent', 'The chorale melody of \'Nun komm, der Heiden Heiland\' is based on the Latin hymn \'Veni Redemptor Gentium\' by Ambrose', 1, 2, 0),
(2, 'Gott, durch deine Güte', 1, NULL, 'FMaj', '600', 'ORG1P', 1714, NULL, NULL, 1, 2, 1, 'Advent', 'Also known as  \'Gottes Sohn ist kommen\'', 1, 2, 0),
(3, 'Herr Christ, der ein\'ge Gottes Sohn', 1, NULL, 'AMaj', '601', 'ORG1P', 1714, NULL, NULL, 1, 3, 1, 'Advent', NULL, 1, 2, 0),
(4, 'Lob sei dem allmächtigen Gott', 1, NULL, 'FMaj', '602', 'ORG1P', 1714, NULL, NULL, 1, 4, 1, 'Advent', NULL, 1, 2, 0),
(5, 'Puer natus in Bethlehem', 1, NULL, 'GMin', '603', 'ORG1P', 1714, NULL, NULL, 1, 5, 1, 'Christmas', NULL, 1, 2, 0),
(6, 'Gelobet seist du, Jesu Christ', 1, NULL, 'CMaj', '604', 'ORG1P', 1714, NULL, NULL, 1, 6, 1, 'Christmas', NULL, 1, 2, 0),
(7, 'Der Tag, der ist so freudenreich', 1, NULL, 'GMaj', '605', 'ORG2P', 1714, NULL, NULL, 1, 7, 2, 'Christmas', NULL, 1, 2, 0),
(8, 'Vom Himmel hoch, da komm ich her', 1, NULL, 'DMaj', '606', 'ORG1P', 1714, NULL, NULL, 1, 8, 1, 'Christmas', NULL, 1, 2, 0),
(9, 'Vom Himmel kam der Engel Schar', 1, NULL, 'GMin', '607', 'ORG1P', 1714, NULL, NULL, 1, 9, 1, 'Christmas', NULL, 1, 2, 0),
(10, 'In dulci jubilo', 1, NULL, 'AMaj', '608', 'ORG1P', 1714, NULL, NULL, 1, 10, 1, 'Christmas', NULL, 1, 2, 0),
(11, 'Lobt Gott, ihr Christen, allzugleich', 1, NULL, 'GMaj', '609', 'ORG1P', 1714, NULL, NULL, 1, 11, 1, 'Christmas', NULL, 1, 2, 0),
(12, 'Jesu, meine Freude', 1, NULL, 'CMin', '610', 'ORG1P', 1714, NULL, NULL, 1, 12, 3, 'Christmas', NULL, 1, 1, 0),
(13, 'Christum wir sollen loben schon', 1, NULL, 'DMin', '611', 'ORG1P', 1716, NULL, NULL, 1, 13, 2, 'Christmas', NULL, 1, 2, 0),
(14, 'Wir Christenleut\'', 1, NULL, 'GMin', '612', 'ORG1P', 1715, NULL, NULL, 1, 14, 2, 'Christmas', NULL, 1, 2, 0),
(15, 'Helft mir, Gottes Güte preisen', 1, NULL, 'BMin', '613', 'ORG1P', 1740, NULL, NULL, 1, 15, 1, 'New Year', NULL, 1, 2, 0),
(16, 'Das alte Jahr vergangen ist', 1, NULL, 'AMin', '614', 'ORG1P', 1714, NULL, NULL, 1, 16, 2, 'New Year', NULL, 1, 2, 0),
(17, 'In dir ist Freude', 1, NULL, 'GMaj', '615', 'ORG1P', 1716, NULL, NULL, 1, 17, 2, 'New Year', NULL, 1, 1, 0),
(18, 'Mit Fried\' und Freud\' fahr\' ich dahin', 1, NULL, 'DMin', '616', 'ORG1P', 1715, NULL, NULL, 1, 18, 1, 'Candlemas', NULL, 1, 2, 0),
(19, 'Herr Gott, nun schleuss den Himmel auf', 1, NULL, 'AMin', '617', 'ORG2P', 1715, NULL, NULL, 1, 19, 2, 'Candlemas', NULL, 1, 1, 0),
(20, 'O Lamm Gottes, unschuldig', 1, NULL, 'FMaj', '618', 'ORG1P', 1715, NULL, NULL, 1, 20, 4, 'Lent', NULL, 1, 2, 0),
(21, 'Christe, du Lamm Gottes', 1, NULL, 'FMaj', '619', 'ORG1P', 1715, NULL, NULL, 1, 21, 1, 'Lent', NULL, 1, 2, 0),
(22, 'Christus, der uns selig macht', 1, NULL, 'AMin', '620', 'ORG1P', 1740, NULL, NULL, 1, 22, 2, 'Lent', NULL, 1, 2, 0),
(23, 'Da Jesus an dem Kreuze stund', 1, NULL, 'EMin', '621', 'ORG1P', 1714, NULL, NULL, 1, 23, 1, 'Lent', NULL, 1, 2, 0),
(24, 'O Mensch, bewein dein Sünde gross', 1, NULL, 'EbMaj', '622', 'ORG2P', 1714, NULL, NULL, 1, 24, 6, 'Lent', NULL, 1, 1, 0),
(25, 'Wir danken dir, Herr Jesu Christ', 1, NULL, 'GMaj', '623', 'ORG1P', 1716, NULL, NULL, 1, 25, 1, 'Lent', NULL, 1, 2, 0),
(26, 'Hilf Gott, dass mir\'s gelinge', 1, NULL, 'GMin', '624', 'ORG2P', 1716, NULL, NULL, 1, 26, 1, 'Lent', NULL, 1, 2, 0),
(27, 'Christ lag in Todesbanden', 1, NULL, 'DDor', '625', 'ORG1P', 1714, NULL, NULL, 1, 27, 1, 'Easter', NULL, 1, 1, 0),
(28, 'Jesus Christus, unser Heiland', 1, NULL, 'DDor', '626', 'ORG1P', 1715, NULL, NULL, 1, 28, 1, 'Easter', NULL, 1, 2, 0),
(29, 'Christ ist erstanden', 1, NULL, 'DDor', '627', 'ORG1P', 1715, NULL, NULL, 1, 29, 4, 'Easter', NULL, 1, 2, 0),
(30, 'Erstanden ist der heil\'ge Christ', 1, NULL, 'DMaj', '628', 'ORG1P', 1715, NULL, NULL, 1, 30, 1, 'Easter', NULL, 1, 2, 0),
(31, 'Erschienen ist der herrliche Tag', 1, NULL, 'DDor', '629', 'ORG2P', 1715, NULL, NULL, 1, 31, 1, 'Easter', NULL, 1, 1, 0),
(32, 'Heut triumphieret Gottes Sohn', 1, NULL, 'DMin', '630', 'ORG1P', 1740, NULL, NULL, 1, 32, 1, 'Easter', NULL, 1, 2, 0),
(33, 'Komm, Gott Schöpfer, heiliger Geist', 1, NULL, 'GLyd', '631', 'ORG1P', 1715, NULL, NULL, 1, 33, 1, 'Pentecost', NULL, 1, 1, 0),
(34, 'Herr Jesu Christ, dich zu uns wend', 1, NULL, 'FMaj', '632', 'ORG1P', 1715, NULL, NULL, 1, 34, 1, 'Pentecost', NULL, 1, 1, 0),
(35, 'Liebster Jesu, wir sind hier', 1, NULL, 'AMaj', '633', 'ORG1P', 1715, NULL, NULL, 1, 35, 2, 'Pentecost', NULL, 1, 1, 0),
(36, 'Liebster Jesu, wir sind hier (distinct)', 1, NULL, 'AMaj', '634', 'ORG1P', 1715, NULL, NULL, 1, 35, 2, 'Pentecost', NULL, 1, 1, 0),
(37, 'Dies sind die heil\'gen zehn Gebot\'', 1, NULL, 'GMin', '635', 'ORG1P', 1715, NULL, NULL, 1, 36, 1, 'Catechism', NULL, 1, 1, 0),
(38, 'Vater unser in Himmelreich', 1, NULL, 'AMin', '636', 'ORG1P', 1715, NULL, NULL, 1, 37, 1, 'Catechism', NULL, 1, 2, 0),
(39, 'Durch Adams Fall ist ganz verderbt', 1, NULL, 'DMin', '637', 'ORG1P', 1715, NULL, NULL, 1, 38, 2, 'Catechism', NULL, 1, 2, 0),
(40, 'Es ist das Heil uns kommen her', 1, NULL, 'DMaj', '638', 'ORG1P', 1715, NULL, NULL, 1, 39, 1, 'Catechism', NULL, 1, 2, 0),
(41, 'Ich ruf\' zu dir, Herr Jesu Christ', 1, NULL, 'FMin', '639', 'ORG2P', 1715, NULL, NULL, 1, 40, 3, 'Catechism', NULL, 1, 1, 0),
(42, 'In dich hab\' ich gehoffet, Herr', 1, NULL, 'FMin', '640', 'ORG1P', 1715, NULL, NULL, 1, 41, 1, 'Catechism', NULL, 1, 2, 0),
(43, 'Wenn wir in höchsten Nöten sein', 1, NULL, 'GMaj', '641', 'ORG1P', 1715, NULL, NULL, 1, 42, 2, 'Catechism', NULL, 1, 2, 0),
(44, 'Wer nur den lieben Gott lässt walten', 1, NULL, 'AMin', '642', 'ORG1P', 1715, NULL, NULL, 1, 43, 1, 'Catechism', NULL, 1, 2, 0),
(45, 'Alle Mensche müssen sterben', 1, NULL, 'GMaj', '643', 'ORG1P', 1715, NULL, NULL, 1, 44, 2, 'Catechism', NULL, 1, 1, 0),
(46, 'Ach wie nichtig, ach wie flüchtig', 1, NULL, 'GMin', '644', 'ORG1P', 1715, NULL, NULL, 1, 45, 1, 'Catechism', NULL, 1, 1, 0),
(47, 'Christus, der uns selig macht (alternative)', 1, NULL, 'AMin', '620a', 'ORG1P', 1715, NULL, NULL, 1, 22, 2, 'Lent', NULL, 1, 2, 0),
(48, 'Komm, Gott Schöpfer, heiliger Geist (alternative)', 1, NULL, 'GLyd', '631a', 'ORG1P', 1714, NULL, NULL, 1, 33, 1, 'Pentecost', NULL, 1, 1, 0),
(49, 'Christ, der du bist der helle Tag', 1, 'Partite diverse sopra il Corale \'Christ, der du bist der helle Tag\'', 'FMin', '766', 'ORG2P', 1705, NULL, NULL, NULL, NULL, 11, NULL, NULL, 2, 3, 0),
(50, 'O Gott, du frommer Gott', 1, 'Partite diverse sopra il Corale \'O Gott, du frommer Gott\'', 'CMin', '767', 'ORG2P', 1710, NULL, NULL, NULL, NULL, 16, NULL, NULL, 2, 2, 0),
(51, 'Sei gegrüsset, Jesu gütig', 1, 'Partite diverse sopra il Corale \'Sei gegrüsset, Jesu gütig\'', 'GMin', '768', 'ORG2P', 1710, NULL, NULL, NULL, NULL, 21, NULL, NULL, 2, 3, 0),
(52, 'Ach, was soll ich Sünder machen', 1, 'Partite diverse sopra il Corale \'Ach, was soll ich Sünder machen\'', 'EMin', '770', 'ORG2P', 1705, NULL, NULL, NULL, NULL, 14, NULL, NULL, 2, 3, 0),
(53, 'Vom Himmel hoch, da komm ich her', 1, 'Einige kanonische Veränderungen über das Weihnachtslied \'Vom Himmel hoch, da komm ich her\'', 'CMaj', '769', 'ORG2P', 1705, NULL, NULL, NULL, NULL, 14, 'Christmas', NULL, 2, 3, 0),
(54, 'Fantaisie in C', 2, NULL, 'CMaj', '53', 'ORG3P', 1863, NULL, NULL, 2, 1, 13, NULL, 'Dedicated to Alexis Chauvet', 3, 1, 1),
(55, 'Grande Pièce Symphonique', 2, NULL, 'F+Min', '98', 'ORG2P', 1863, NULL, NULL, 2, 2, 29, NULL, 'Dedicated to Charles-Valentin Alkan', 4, 1, 1),
(56, 'Prélude, fugue et variation', 2, NULL, 'BMin', '30b', 'ORG2P', 1865, 2, 'PFHRM', 2, 3, 14, NULL, 'Dedicated to Camille Saint-Saëns', NULL, 1, 1),
(57, 'Pastorale', 2, NULL, 'EMaj', '99', 'ORG2P', 1863, NULL, NULL, 2, 4, 9, NULL, 'Dedicated to Aristide Cavaillé-Coll', 5, 1, 1),
(58, 'Prière', 2, NULL, 'C+Min', '100', 'ORG2P', 1860, NULL, NULL, 2, 5, 14, NULL, 'Dedicated to Francois Benoist', 3, 1, 1),
(59, 'Final', 2, NULL, 'BbMaj', '101b', 'ORG2P', 1864, NULL, NULL, 2, 6, 12, NULL, 'Dedicated to Louis James Alfred Lefébure-Wély', NULL, 1, 1),
(60, 'Fantaisie in A', 2, NULL, 'AMaj', '102', 'ORG3P', 1878, NULL, NULL, 3, 1, 15, NULL, NULL, 3, 1, 1),
(61, 'Cantabile', 2, NULL, 'BMaj', '103', 'ORG2P', 1878, NULL, NULL, 3, 2, 6, NULL, NULL, NULL, 1, 1),
(62, 'Pièce Héroïque', 2, NULL, 'BMin', '104', 'ORG2P', 1878, NULL, NULL, 3, 3, 9, NULL, NULL, NULL, 1, 1),
(63, 'Premier Choral', 2, NULL, 'EMaj', '105', 'ORG3P', 1890, NULL, NULL, 4, 1, 15, NULL, 'Dedicated to Eugène Gigout', 3, 1, 1),
(64, 'Deuxième Choral', 2, NULL, 'BMin', '106', 'ORG2P', 1890, NULL, NULL, 4, 2, 16, NULL, 'Dedicated to Auguste Durand', 3, 1, 1),
(65, 'Troisième Choral', 2, NULL, 'AMin', '107', 'ORG2P', 1890, NULL, NULL, 4, 3, 15, NULL, 'Dedicated to Augusta Holmès', 3, 1, 1),
(66, 'Diptyque', 3, 'Diptyque, essai sur la vie terrestre et l\'éternité bienheureuse', 'CMin', NULL, 'ORG2P', 1930, NULL, NULL, NULL, NULL, 14, 'Hereafter', 'À mes chers Maîtres Paul Dukas et Marcel Dupré', NULL, 1, 1),
(67, 'Entrée', 3, 'Entrée (Les langues de feu)', NULL, NULL, 'ORG3P', 1950, NULL, NULL, 5, 1, 4, 'Pentecost', '\"Des langues de feu se posèrent sur chacun d\'eux\" (Actes des Apôtres)', 6, 1, 1),
(68, 'Offertoire', 3, 'Offertoire (Les choses visibles et invisibles)', NULL, NULL, 'ORG2P', 1950, NULL, NULL, 5, 2, 14, 'Pentecost', '\"Les choses visibles et invisibles\" (Symbole de Nicée)', 6, 1, 1),
(69, 'Consécration', 3, 'Consécration (Le don de Sagesse)', NULL, NULL, 'ORG3P', 1950, NULL, NULL, 5, 3, 4, 'Pentecost', '\"L\'Esprit-Saint vous rappellera ce que je vous ai dit\" (Évangile selon Saint Jean)', 6, 1, 1),
(70, 'Communion', 3, 'Communion (Les oiseaux et les sources)', NULL, NULL, 'ORG3P', 1950, NULL, NULL, 5, 4, 7, 'Pentecost', '\"Sources d\'eau, bénissez le Seigneur; oiseaux du ciel, bénissez le Seigneur\" (Cantique des trois enfants)', 6, 1, 1),
(71, 'Sortie', 3, 'Sortie (Le vent de l\'Esprit)', NULL, NULL, 'ORG2P', 1950, NULL, NULL, 5, 5, 3, 'Pentecost', '\"Un souffle impétueux remplit toute la maison\" (Actes des Apôtres)', 6, 1, 1),
(72, 'Majesté du Christ demandant sa Gloire à son Père', 3, NULL, 'EMaj', NULL, 'ORG2P', 1933, 3, 'ORCH', 6, 1, 7, 'Ascension', '\"Père, l\'heure est venue, glorifie ton Fils, afin que ton Fils te glorifie.\" (Prière sacerdotale du Christ, évangile selon Saint Jean)', NULL, 1, 1),
(73, 'Alléluias sereins d\'une âme qui désire le ciel', 3, NULL, 'FMaj', NULL, 'ORG3P', 1933, 3, 'ORCH', 6, 2, 6, 'Ascension', '\"Nous vous en supplions, ô Dieu, ... faites que nous habitions aux cieux en esprit.\" (Messe de l\'Ascension)', 5, 1, 1),
(74, 'Transports de joie', 3, 'Transports de joie d\'une âme devant la Gloire du Christ qui est la sienne', 'F+Maj', NULL, 'ORG2P', 1933, 3, 'ORCH', 6, 3, 4, 'Ascension', '\"Rendons grâces à Dieu le Père, qui nous a rendus dignes d\'avoir part à l\'héritage des Saints dans la lumière, ... nous a ressuscités et fait asseoir dans les cieux, en Jésus Christ.\" (Saint Paul, épitres aux Colossiens et aux Ephésiens)', NULL, 1, 1),
(75, 'Prière du Christ montant vers son Père', 3, NULL, 'GMaj', NULL, 'ORG2P', 1933, 3, 'ORCH', 6, 4, 10, 'Ascension', '\"Père, ... j\'ai manifesté ton nom aux hommes... Voilà que je ne suis plus dans le monde; mais eux sont dans le monde, et moi je vais à toi.\" (Prière sacerdotale du Christ, évangile selon Saint Jean)', NULL, 1, 1),
(76, 'Prélude et Fugue sur le nom d\'Alain', 4, NULL, 'DMin', '7', 'ORG3P', 1942, NULL, NULL, NULL, NULL, 12, NULL, 'À la mémoire de Jehan Alain, mort pour la France', 7, 1, 1),
(77, 'Scherzo', 4, NULL, 'FMin', '2', 'ORG2P', 1924, NULL, NULL, NULL, NULL, 6, NULL, 'Á mon cher Maître Charles Tournemire Hommage reconnaissant', 8, 2, 1),
(78, 'Méditation', 4, NULL, 'CMin', 'posth.', 'ORG2P', 0, NULL, NULL, NULL, NULL, 4, NULL, NULL, NULL, 6, 1),
(79, 'Präludium und Fuge über den Namen B.A.C.H.', 5, 'Präludium und Fuge über den Namen B.A.C.H.', 'BbMaj', '260', 'ORG2P', 1855, NULL, NULL, NULL, NULL, 13, NULL, NULL, 7, 6, 1),
(80, 'Präludium und Fuge I', 6, NULL, 'CMin', '37/1', 'ORG2P', 1837, NULL, NULL, 7, 1, 9, NULL, 'Thomas Attwood, dem Organisten an der St. Pauls-Kathedrale in London gewidmet', 7, 2, 0),
(81, 'Präludium und Fuge II', 6, NULL, 'GMaj', '37/2', 'ORG2P', 1837, NULL, NULL, 7, 2, 10, NULL, 'Thomas Attwood, dem Organisten an der St. Pauls-Kathedrale in London gewidmet', 7, 1, 0),
(82, 'Präludium und Fuge III', 6, NULL, 'DMin', '37/3', 'ORG2P', 1837, NULL, NULL, 7, 3, 10, NULL, 'Thomas Attwood, dem Organisten an der St. Pauls-Kathedrale in London gewidmet', 7, 2, 0),
(83, 'Allegro moderato e serioso', 6, 'Allegro moderato e serioso, \"Was mein Gott will, das g\'scheh\' allzeit\"', 'FMin', '65/1', 'ORG2P', 1845, NULL, NULL, 8, 1, 6, NULL, 'Dr. F. Schlemmer in Frankfurt am Main gewidmet. Mit choral \"Was mein Gott will, das g\'scheh\' allzeit\"', 1, 1, 0),
(84, 'Adagio', 6, NULL, 'AbMaj', '65/1', 'ORG2P', 1845, NULL, NULL, 8, 2, 4, NULL, 'Dr. F. Schlemmer in Frankfurt am Main gewidmet.', 11, 1, 0),
(85, 'Andante. Recit.', 6, NULL, 'FMin', '65/1', 'ORG2P', 1845, NULL, NULL, 8, 3, 4, NULL, 'Dr. F. Schlemmer in Frankfurt am Main gewidmet.', NULL, 1, 0),
(86, 'Allegro assai vivace', 6, NULL, 'FMaj', '65/1', 'ORG2P', 1845, NULL, NULL, 8, 4, 4, NULL, 'Dr. F. Schlemmer in Frankfurt am Main gewidmet.', NULL, 1, 0),
(87, 'Grave. Adagio.', 6, NULL, 'CMin', '65/2', 'ORG2P', 1844, NULL, NULL, 9, 1, 4, NULL, 'Dr. F. Schlemmer in Frankfurt am Main gewidmet.', NULL, 1, 0),
(88, 'Allegro maestos e vivace', 6, NULL, 'CMaj', '65/2', 'ORG2P', 1844, NULL, NULL, 9, 2, 2, NULL, 'Dr. F. Schlemmer in Frankfurt am Main gewidmet.', NULL, 1, 0),
(89, 'Fuga. Allegro moderato', 6, NULL, 'CMaj', '65/2', 'ORG2P', 1844, NULL, NULL, 9, 3, 3, NULL, 'Dr. F. Schlemmer in Frankfurt am Main gewidmet.', 10, 1, 0),
(90, 'Con moto maestoso', 6, 'Con moto maestoso, \"Aus tiefer Not schrei ich zu dir\"', 'AMaj', '65/3', 'ORG2P', 1844, NULL, NULL, 10, 1, 7, NULL, 'Dr. F. Schlemmer in Frankfurt am Main gewidmet.', 1, 2, 0),
(91, 'Andante tranquillo', 6, NULL, 'AMaj', '65/3', 'ORG2P', 1844, NULL, NULL, 10, 2, 3, NULL, 'Dr. F. Schlemmer in Frankfurt am Main gewidmet.', 11, 2, 0),
(92, 'Allegro con brio', 6, NULL, 'BbMaj', '65/4', 'ORG2P', 1845, NULL, NULL, 11, 1, 4, NULL, 'Dr. F. Schlemmer in Frankfurt am Main gewidmet.', NULL, 1, 0),
(93, 'Andante religioso', 6, NULL, 'BbMaj', '65/4', 'ORG2P', 1845, NULL, NULL, 11, 2, 2, NULL, 'Dr. F. Schlemmer in Frankfurt am Main gewidmet.', 11, 1, 0),
(94, 'Allegretto', 6, NULL, 'FMaj', '65/4', 'ORG2P', 1845, NULL, NULL, 11, 3, 3, NULL, 'Dr. F. Schlemmer in Frankfurt am Main gewidmet.', NULL, 1, 0),
(95, 'Allegro maestoso e vivace', 6, NULL, 'BbMaj', '65/4', 'ORG2P', 1845, NULL, NULL, 11, 4, 4, NULL, 'Dr. F. Schlemmer in Frankfurt am Main gewidmet.', NULL, 1, 0),
(96, 'Andante', 6, NULL, 'DMaj', '65/5', 'ORG2P', 1845, NULL, NULL, 12, 1, 1, NULL, 'Dr. F. Schlemmer in Frankfurt am Main gewidmet.', NULL, 2, 0),
(97, 'Andante con moto', 6, NULL, 'BMin', '65/5', 'ORG2P', 1845, NULL, NULL, 12, 2, 3, NULL, 'Dr. F. Schlemmer in Frankfurt am Main gewidmet.', NULL, 2, 0),
(98, 'Allegro maestoso', 6, NULL, 'DMaj', '65/5', 'ORG2P', 1845, NULL, NULL, 12, 3, 5, NULL, 'Dr. F. Schlemmer in Frankfurt am Main gewidmet.', NULL, 2, 0),
(99, 'Tema con variazioni', 6, 'Choral. Andante sostenuto. Allegro molto. \"Vater unser im Himmelreich\"', 'DMin', '65/5', 'ORG2P', 1845, NULL, NULL, 13, 1, 9, NULL, 'Dr. F. Schlemmer in Frankfurt am Main gewidmet.', 2, 1, 0),
(101, 'Fuga. Sostenuto e legato', 6, NULL, 'DMin', '65/5', 'ORG2P', 1845, NULL, NULL, 13, 2, 3, NULL, 'Dr. F. Schlemmer in Frankfurt am Main gewidmet.', 10, 1, 0),
(102, 'Finale. Andante', 6, NULL, 'DMaj', '65/5', 'ORG2P', 1845, NULL, NULL, 13, 3, 3, NULL, 'Dr. F. Schlemmer in Frankfurt am Main gewidmet.', NULL, 1, 0),
(103, 'Präludium und Fuge', 7, NULL, 'AMin', 'WoO 9', 'ORG2P', 1856, NULL, NULL, 14, 1, NULL, NULL, NULL, 7, 3, 0),
(104, 'Präludium und Fuge', 7, NULL, 'GMin', 'WoO 10', 'ORG2P', 1856, NULL, NULL, 14, 2, 7, NULL, NULL, 7, 1, 1),
(105, 'Fuge', 7, 'Fuge in as-moll', 'G+Min', 'WoO 8', 'ORG2P', 1856, NULL, NULL, 14, 3, NULL, NULL, 'Written in a flat minor', 10, 3, 0),
(106, 'Choralvorspiel und Fuge über \"O Traurigkeit...\"', 7, 'Choralvorspiel und Fuge über \"O Traurigkeit, o Herzeleid\"', 'AMin', 'WoO 7', 'ORG2P', 1856, NULL, NULL, 14, 4, NULL, 'Lent', NULL, 1, 2, 0),
(107, 'Mein Jesu, der du mich', 7, NULL, 'EMin', '122/1', 'ORG2P', 1896, NULL, NULL, 15, 1, NULL, NULL, NULL, 1, 2, 0),
(108, 'Herzliebster Jesu', 7, NULL, 'CMin', '122/2', 'ORG2P', 1896, NULL, NULL, 15, 2, NULL, 'Lent', NULL, 1, 2, 0),
(109, 'O Welt, ich muss dich lassen', 7, NULL, 'FMaj', '122/3', 'ORG1P', 1896, NULL, NULL, 15, 3, NULL, NULL, NULL, 1, 2, 0),
(110, 'Herzlich tut mich erfreuen', 7, NULL, 'DMaj', '122/4', 'ORG1P', 1896, NULL, NULL, 15, 4, NULL, 'Lent', NULL, 1, 2, 0),
(111, 'Schmücke dich, o liebe Seele', 7, NULL, 'EMaj', '122/5', 'ORG1P', 1896, NULL, NULL, 15, 5, NULL, NULL, NULL, 1, 2, 0),
(112, 'O wie selig seid ihr doch, ihr Frommen', 7, NULL, 'DMin', '122/6', 'ORG1P', 1896, NULL, NULL, 15, 6, NULL, NULL, NULL, 1, 2, 0),
(113, 'O Gott, du frommer Gott', 7, NULL, 'AMin', '122/7', 'ORG1P', 1896, NULL, NULL, 15, 7, NULL, NULL, NULL, 1, 2, 0),
(114, 'Es ist ein Ros\' entsprungen', 7, NULL, 'FMaj', '122/8', 'ORG1', 1896, NULL, NULL, 15, 8, NULL, 'Christmas', NULL, 1, 2, 0),
(115, 'Herzlich tut mich verlangen', 7, NULL, 'AMin', '122/9', 'ORG1P', 1896, NULL, NULL, 15, 9, NULL, 'Lent', NULL, 1, 2, 0),
(116, 'Herzlich tut mich verlangen', 7, NULL, 'AMin', '122/10', 'ORG1P', 1896, NULL, NULL, 15, 10, NULL, 'Lent', NULL, 1, 1, 0),
(117, 'O Welt, ich muss dich lassen', 7, NULL, 'FMaj', '122/11', 'ORG1P', 1896, NULL, NULL, 15, 11, NULL, NULL, NULL, 1, 2, 0),
(118, 'Fantasie', 8, NULL, 'DMin', '135b/1', 'ORG3P', 1915, NULL, NULL, 16, 1, 8, NULL, 'Meister Richard Strauss in besonderer Verehrung', 3, 1, 0),
(119, 'Fuge', 8, NULL, 'DMin', '135b/2', 'ORG3P', 1915, NULL, NULL, 16, 2, 10, NULL, 'Meister Richard Strauss in besonderer Verehrung', 10, 1, 0),
(120, 'Andante', 9, 'Andante für eine Walze in eine kleine Orgel', 'FMaj', '616', 'KBD', 1791, NULL, NULL, NULL, NULL, 7, NULL, NULL, NULL, 1, 1),
(121, 'Sonata Eroïca', 10, NULL, 'C+Min', '94', 'ORG3P', 1930, NULL, NULL, NULL, NULL, 16, NULL, 'à Joseph Bonnet, organiste du Grande orgue de Sainte Eustache à Paris', 9, 1, 1),
(122, 'Arches', 11, NULL, 'EMaj', NULL, 'ORG2P', 1987, NULL, NULL, NULL, NULL, 8, NULL, 'Commande de la Diretion de la Musique pour le Concours International d\'Orgue, Grand Prix de Chartres 1988', 3, 1, 0),
(123, 'Prélude', 11, NULL, 'BbMin', NULL, 'ORG2P', 1937, NULL, NULL, 17, 1, 4, NULL, 'à mon ami Laurent Bolli', 12, 3, 0),
(124, 'Double Fugue', 11, NULL, 'BbMin', NULL, 'ORG2P', 1937, NULL, NULL, 17, 2, NULL, NULL, NULL, 10, 3, 0),
(125, 'Lied', 11, NULL, 'CMaj', NULL, 'ORG2P', 1937, NULL, NULL, 17, 3, 6, NULL, 'à Guy Lambert', 11, 3, 0),
(126, 'Intermezzo Pastoral', 11, NULL, 'CMin', NULL, 'ORG2P', 1937, NULL, NULL, 17, 4, 5, NULL, 'à Mademoiselle Line Zilgien', NULL, 1, 0),
(127, 'Final', 11, NULL, 'CMaj', NULL, 'ORG2P', 1937, NULL, NULL, 17, 5, NULL, NULL, 'à mon cheir Maître Marcel Dupré', NULL, 3, 0),
(128, 'Lamento', 11, NULL, 'EMaj', NULL, 'ORG2P', 1937, NULL, NULL, 17, 6, 8, NULL, 'à mon Ami Maurice Dalphin', NULL, 3, 0),
(129, 'Scherzo', 11, NULL, 'CMin', NULL, 'ORG2P', 1937, NULL, NULL, 17, 7, 4, NULL, 'à mon ami Jean Langlais', 8, 1, 0),
(130, 'Toccata sur le Veni Creator', 11, NULL, 'EMaj', NULL, 'ORG2P', 1937, NULL, NULL, 17, 8, NULL, 'Pentecost', 'à mon cher Maître Henri Busser', 13, 3, 0),
(131, 'Prière', 11, NULL, 'GMaj', NULL, 'ORG2P', 1937, NULL, NULL, 17, 9, NULL, NULL, 'à la mémoire de Philippe Montégut', NULL, 3, 0),
(132, 'Jeux de rythmes', 11, NULL, 'FMaj', NULL, 'ORG1P', 1937, NULL, NULL, 17, 10, NULL, NULL, NULL, NULL, 3, 0),
(133, 'Interlude', 11, NULL, 'EbMaj', NULL, 'ORG2P', 1937, NULL, NULL, 17, 11, NULL, NULL, 'à Madame Le Bel', NULL, 3, 0),
(134, 'Variations sur un Noël Angevin', 11, NULL, 'BMaj', NULL, 'ORG3P', 1937, NULL, NULL, 17, 12, 7, 'Christmas', 'à Monsieur le Chanoine Legrand', 2, 1, 1),
(137, 'Prélude et Danse Fuguée', 11, NULL, 'EPhryg', NULL, 'ORG2P', 1964, NULL, NULL, NULL, NULL, 6, NULL, 'Concours du Conservatoire National Supérieur de Musique', 7, 1, 1),
(138, 'Prélude', 11, NULL, 'DMixo', NULL, 'ORG2P', 1956, NULL, NULL, 18, 1, NULL, NULL, 'à mon ami Antoine Reboulot', 12, 3, 0),
(139, 'Offertoire', 11, NULL, 'F+Dor', NULL, 'ORG2P', 1956, NULL, NULL, 18, 2, NULL, NULL, 'à mon ami Antoine Reboulot', NULL, 3, 0),
(140, 'Elévation', 11, NULL, 'BPhryg', NULL, 'ORG2P', 1956, NULL, NULL, 18, 3, NULL, NULL, 'à mon ami Antoine Reboulot', NULL, 3, 0),
(141, 'Communion', 11, NULL, 'EMixo', NULL, 'ORG2P', 1956, NULL, NULL, 18, 4, NULL, NULL, 'à mon ami Antoine Reboulot', NULL, 3, 0),
(142, 'Prière d\'action de grâces', 11, NULL, 'ALyd', NULL, 'ORG2P', 1956, NULL, NULL, 18, 5, 7, NULL, 'à mon ami Antoine Reboulot', NULL, 1, 0),
(143, 'Allegro moderato', 12, 'Allegro moderato \'Rheims\'', 'GMin', '151/1', 'ORG2P', 1917, NULL, NULL, 19, 1, NULL, NULL, 'To Monsieur Charles Marie Widor and the great Country to which he belongs', NULL, 6, 1),
(144, 'Adagio molto', 12, 'Adagio molto. Tempo di Marcia Solenne', 'CMin', '151/2', 'ORG2P', 1916, NULL, NULL, 19, 2, NULL, NULL, 'To Monsieur Charles Marie Widor and the great Country to which he belongs', NULL, 6, 1),
(145, 'Allegro moderato', 12, 'Allegro moderato \'Verdun\'', 'GMaj', '151/3', 'ORG2P', 1916, NULL, NULL, 19, 3, NULL, NULL, 'To Monsieur Charles Marie Widor and the great Country to which he belongs', NULL, 6, 1),
(146, 'Phantasie und Fuge \'Ad nos, ad salutarem undam\'', 5, 'Phantasie und Fuge über den Choral: Ad nos, ad salutarem undam', 'CMin', '259', 'ORG2P', 1850, NULL, NULL, NULL, NULL, 27, NULL, 'Chorale from Act I of Giacomo Meyerbeer\'s opera Le prophète. Dedicated to Meyerbeer.', 1, 3, 0),
(147, 'Adagio', 5, NULL, 'DbMaj', NULL, 'ORG2P', 1883, NULL, NULL, NULL, NULL, NULL, NULL, NULL, NULL, 6, 0),
(148, 'Kirchen-Hymne: Salve Regina', 5, NULL, 'DDor', '669/1', 'KBD', 1877, NULL, NULL, NULL, NULL, NULL, NULL, NULL, 6, 3, 0),
(149, 'Kirchen-Hymne: Ave maris stella', 5, NULL, 'GMaj', '669/2', 'KBD', 1877, NULL, NULL, NULL, NULL, NULL, NULL, NULL, 6, 3, 0),
(150, 'Kyrie', 5, NULL, 'BbMaj', '264/1', 'KBD', 1879, NULL, NULL, 20, 1, NULL, NULL, NULL, 6, 3, 0),
(151, 'Gloria', 5, NULL, 'DMaj', '264/2', 'KBD', 1879, NULL, NULL, 20, 2, NULL, NULL, NULL, 6, 3, 0),
(152, 'Graduale', 5, NULL, 'GMaj', '264/3', 'KBD', 1879, NULL, NULL, 20, 3, NULL, NULL, NULL, 6, 3, 0),
(153, 'Credo', 5, NULL, 'BbMaj', '264/4', 'KBD', 1879, NULL, NULL, 20, 4, NULL, NULL, NULL, 6, 3, 0),
(154, 'Offertorium', 5, NULL, 'BbMaj', '264/5', 'KBD', 1879, NULL, NULL, 20, 5, NULL, NULL, NULL, 6, 3, 0),
(155, 'Sanctus', 5, NULL, 'DbMaj', '264/6', 'KBD', 1879, NULL, NULL, 20, 6, NULL, NULL, NULL, 6, 3, 0),
(156, 'Benedictus', 5, NULL, 'C+Min', '264/7', 'KBD', 1879, NULL, NULL, 20, 7, NULL, NULL, NULL, 6, 3, 0),
(157, 'Agnus Dei', 5, NULL, 'BbMin', '264/8', 'ORG2P', 1879, NULL, NULL, 20, 8, NULL, NULL, NULL, 6, 3, 0),
(158, 'Adagio sostenuto', 5, NULL, 'AbMaj', '266/1', 'KBD', 1883, NULL, NULL, 21, 1, NULL, NULL, NULL, 6, 3, 0),
(159, 'Dies irae', 5, NULL, 'CMin', '266/2', 'KBD', 1883, NULL, NULL, 21, 2, NULL, NULL, NULL, 6, 3, 0),
(160, 'Recordare pie Jesu', 5, NULL, NULL, '266/3', 'KBD', 1883, NULL, NULL, 21, 3, NULL, NULL, NULL, 6, 3, 0),
(161, 'Sanctus', 5, NULL, 'EMaj', '266/4', 'KBD', 1883, NULL, NULL, 21, 4, NULL, NULL, NULL, 6, 3, 0),
(162, 'Benedictus', 5, NULL, 'EMaj', '266/5', 'KBD', 1883, NULL, NULL, 21, 5, NULL, NULL, NULL, 6, 3, 0),
(163, 'Agnus Dei', 5, NULL, 'FMin', '266/6', 'KBD', 1883, NULL, NULL, 21, 6, NULL, NULL, NULL, 6, 3, 0),
(164, 'Postludium', 5, NULL, 'AbMaj', '266/7', 'KBD', 1883, NULL, NULL, 21, 7, NULL, NULL, NULL, 6, 3, 0),
(165, 'Zur Trauung', 5, 'Zur Trauung. Geistliche Vermählungsmusik.', 'EMaj', '671a', 'KBD', 1883, NULL, NULL, NULL, NULL, NULL, NULL, NULL, NULL, 3, 0),
(166, 'Préambule', 13, NULL, 'CMaj', '31/1', 'KBD', 1913, NULL, NULL, 22, 1, 3, NULL, 'à Albert Ribollet', 12, 1, 0),
(167, 'Cortège', 13, NULL, 'CMin', '31/2', 'KBD', 1913, NULL, NULL, 22, 2, 3, NULL, 'à Augustin Barié', NULL, 1, 0),
(168, 'Complainte', 13, NULL, 'DbMaj', '31/3', 'KBD', 1913, NULL, NULL, 22, 3, 3, NULL, 'à Albert Périlhou', NULL, 1, 0),
(169, 'Épitatphe', 13, NULL, 'C+Min', '31/4', 'KBD', 1913, NULL, NULL, 22, 4, 5, NULL, 'à la mémoire de mon ami Alphonse Schmitt', NULL, 1, 0),
(170, 'Prélude', 13, NULL, 'DMaj', '31/5', 'KBD', 1913, NULL, NULL, 22, 5, 3, NULL, 'à Nadia Boulanger', 12, 1, 0),
(171, 'Canon', 13, NULL, 'DMin', '31/6', 'KBD', 1913, NULL, NULL, 22, 6, 2, NULL, 'à Henri Mulet', NULL, 1, 0),
(172, 'Méditation', 13, NULL, 'EbMaj', '31/7', 'KBD', 1913, NULL, NULL, 22, 7, 4, NULL, 'à Félix Fourdrain', NULL, 1, 0),
(173, 'Idylle mélancolique', 13, NULL, 'EbMin', '31/8', 'KBD', 1913, NULL, NULL, 22, 8, 3, NULL, 'à Louis Andlauer', NULL, 1, 0),
(174, 'Madrigal', 13, NULL, 'EMaj', '31/9', 'KBD', 1913, NULL, NULL, 22, 9, 3, NULL, 'à Georges Jacob', NULL, 1, 0),
(175, 'Rêverie', 13, NULL, 'EMin', '31/10', 'KBD', 1913, NULL, NULL, 22, 10, 5, NULL, 'à Édouard Mignan', NULL, 1, 0),
(176, 'Divertissement', 13, NULL, 'FMaj', '31/11', 'KBD', 1913, NULL, NULL, 22, 11, 2, NULL, 'à Joseph Bonnet', 8, 1, 0),
(177, 'Canzona', 13, NULL, 'FMin', '31/12', 'KBD', 1913, NULL, NULL, 22, 12, 4, NULL, 'à J. Ermend Bonnal', NULL, 1, 0),
(178, 'Légende', 13, NULL, 'F+Maj', '31/13', 'KBD', 1913, NULL, NULL, 22, 13, 3, NULL, 'à Maurice Blazy', NULL, 2, 0),
(179, 'Scherzetto', 13, NULL, 'F+Min', '31/14', 'KBD', 1913, NULL, NULL, 22, 14, 3, NULL, 'à Alexandre Cellier', 8, 1, 0),
(180, 'Arabesque', 13, NULL, 'GMaj', '31/15', 'KBD', 1913, NULL, NULL, 22, 15, 7, NULL, 'à Emile Bourdon', NULL, 1, 0),
(181, 'Choral', 13, NULL, 'GMin', '31/16', 'KBD', 1913, NULL, NULL, 22, 16, 5, NULL, 'à Joseph Boulnois', NULL, 2, 0),
(182, 'Lied', 13, NULL, 'AbMaj', '31/17', 'KBD', 1913, NULL, NULL, 22, 17, 4, NULL, 'à Paul Fauchet', NULL, 1, 0),
(183, 'Marche funèbre', 13, NULL, 'C+Min', '31/18', 'KBD', 1913, NULL, NULL, 22, 18, 10, NULL, 'à la mémoire de mon ami Jules Bouval', NULL, 3, 0),
(184, 'Berceuse', 13, 'Berceuse (sur les paroles classiques)', 'EMaj', '31/19', 'KBD', 1913, NULL, NULL, 22, 19, 4, NULL, 'à ma fille Colette', NULL, 1, 0),
(185, 'Pastorale', 13, NULL, 'AMin', '31/20', 'KBD', 1913, NULL, NULL, 22, 20, 5, NULL, 'à Roger Boucher', NULL, 2, 0),
(186, 'Carillon', 13, NULL, 'BbMaj', '31/21', 'KBD', 1913, NULL, NULL, 22, 21, 4, NULL, 'à mon frère René Vierne', NULL, 1, 0),
(187, 'Élégie', 13, NULL, 'BbMin', '31/22', 'KBD', 1913, NULL, NULL, 22, 22, 4, NULL, 'à Georges Kriéger', NULL, 3, 0),
(188, 'Épithalame', 13, NULL, 'BMaj', '31/23', 'KBD', 1913, NULL, NULL, 22, 23, 5, NULL, 'à André Renoux', NULL, 3, 0),
(189, 'Postlude', 13, NULL, 'BMin', '31/24', 'KBD', 1913, NULL, NULL, 22, 24, 3, NULL, 'à Émile Poillot', NULL, 2, 0),
(190, 'Organa', 14, NULL, NULL, NULL, 'ORG2P', 1985, NULL, NULL, 23, 1, NULL, NULL, 'Für Monique Gendron geschrieben und von ihr am 7. juli 1985 in Montréal uraufgeführt', NULL, 1, 1),
(191, 'Versus', 14, NULL, NULL, NULL, 'ORG2P', 1985, NULL, NULL, 23, 2, NULL, NULL, 'Für Monique Gendron geschrieben und von ihr am 7. juli 1985 in Montréal uraufgeführt', NULL, 1, 1),
(192, 'Estampie', 14, NULL, NULL, NULL, 'ORG2P', 1985, NULL, NULL, 23, 3, NULL, NULL, 'Für Monique Gendron geschrieben und von ihr am 7. juli 1985 in Montréal uraufgeführt', NULL, 1, 1),
(193, 'Military March', 15, NULL, 'GMaj', '39/4', 'ORG2P', 1907, 16, 'ORCH', 24, 4, NULL, NULL, 'Title from Act III, Scene 3 of Shakespeare\'s Othello:\n\"Farewell the neighing steed and the shrill trump,\nThe spirit-stirring drum, th\'ear-piercing fife,\nThe royal banner, and all quality,\nPride, pomp, and circumstance of glorious war!\"', NULL, 2, 0),
(194, 'Lebhaft', 17, NULL, 'EMin', NULL, 'ORG2P', 1937, NULL, NULL, 25, 1, NULL, NULL, NULL, NULL, 6, 1),
(195, 'Ruhig bewegt', 17, NULL, 'EMaj', NULL, 'ORG2P', 1937, NULL, NULL, 25, 2, NULL, NULL, NULL, NULL, 6, 1),
(196, 'Fuge. Mässig bewegt, heiter', 17, NULL, 'AMaj', NULL, 'ORG2P', 1937, NULL, NULL, 25, 3, NULL, NULL, NULL, 10, 6, 1),
(197, 'Praeludium festivum', 18, NULL, 'GMin', '40/1', 'ORG2P', 1912, NULL, NULL, 26, 1, NULL, NULL, 'Dedicated to Dr. W.C. Carl, director of the Guilmant Organ School, New York', 12, 1, 0),
(198, 'Dialogue', 18, NULL, 'GMin', '40/2', 'ORG2P', 1912, NULL, NULL, 26, 2, NULL, NULL, 'Dedicated to Dr. W.C. Carl, director of the Guilmant Organ School, New York', NULL, 1, 0),
(199, 'Scherzo', 18, NULL, 'DMaj', '40/3', 'ORG2P', 1912, NULL, NULL, 26, 3, NULL, NULL, 'Dedicated to Dr. W.C. Carl, director of the Guilmant Organ School, New York', 8, 1, 0),
(200, 'Toccata', 18, NULL, 'GMin', '40/5', 'ORG2P', 1912, NULL, NULL, 26, 5, NULL, NULL, 'Dedicated to Dr. W.C. Carl, director of the Guilmant Organ School, New York', NULL, 1, 0),
(201, 'Pari Intervallo', 19, NULL, 'EbMin', NULL, 'ORG3P', 1976, NULL, NULL, NULL, NULL, 7, NULL, 'Anläßlich des Todes von M. K.', NULL, 1, 1),
(202, 'Prayer', 18, NULL, 'EbMaj', '40/4', 'ORG2P', 1912, NULL, NULL, 26, 4, NULL, NULL, NULL, NULL, 1, 0),
(203, 'Partita \"O Grote Christus, Eeuwig Licht\"', 20, NULL, 'AMin', NULL, 'ORG2P', 1970, NULL, NULL, NULL, NULL, NULL, NULL, NULL, 2, 6, 0),
(204, 'Sequens', 20, NULL, NULL, NULL, 'ORG2P', 1979, NULL, NULL, NULL, NULL, 27, NULL, 'Opgedragen aan Lien van der Vliet', NULL, 2, 0),
(205, 'Passacaglia', 20, NULL, NULL, NULL, 'ORG2P', 1970, NULL, NULL, NULL, NULL, NULL, NULL, 'Opgedragen aan Nico van den Hooven', NULL, 3, 0),
(206, 'Laudate Dominum', 20, NULL, NULL, NULL, 'ORG2P', 1979, NULL, NULL, NULL, NULL, 14, NULL, 'Naar de melodie van psalm 117 uit het \"Liedboek voor de Kerken\". Geschreven op verzoek van het \"Nederlands Instituut voor Kerkmuziek\" te Utrecht ter gelegenheid van de presentatie van het nieuwe Instituut.\nOpgedragen aan Bert Matter.\nOpgr', NULL, 2, 0),
(207, 'Hell und Dunkel', 21, NULL, NULL, NULL, 'ORG2P', 1988, NULL, NULL, NULL, NULL, NULL, NULL, NULL, NULL, 1, 0),
(208, 'Trivium', 19, NULL, 'DMin', NULL, 'ORG1P', 1988, NULL, NULL, NULL, NULL, NULL, NULL, NULL, NULL, 3, 0),
(209, 'The Beginning', 44, NULL, 'DMaj', NULL, 'ORG2P', 2008, NULL, NULL, 27, 1, NULL, NULL, NULL, NULL, 2, 0),
(210, 'Barrelhousin\'', 44, NULL, 'CMaj', NULL, 'ORG2P', 2008, NULL, NULL, 27, 2, NULL, NULL, NULL, NULL, 2, 0),
(211, 'Good Mornin\'', 44, NULL, 'CMaj', NULL, 'ORG2P', 2003, NULL, NULL, 27, 3, NULL, NULL, NULL, NULL, 3, 0),
(212, 'Dance With Me', 44, NULL, 'GMin', NULL, 'ORG2P', 2008, NULL, NULL, 27, 4, NULL, NULL, NULL, NULL, 1, 0),
(213, 'Welcome!', 44, NULL, 'CMin', NULL, 'ORG2P', 2008, NULL, NULL, 27, 5, NULL, NULL, NULL, NULL, 3, 0),
(214, 'Community', 44, NULL, 'FMaj', NULL, 'ORG2P', 2008, NULL, NULL, 27, 6, NULL, NULL, NULL, NULL, 1, 0),
(215, 'Happy Hour', 44, NULL, 'CMaj', NULL, 'ORG2P', 2008, NULL, NULL, 27, 7, NULL, NULL, NULL, NULL, 2, 0),
(216, 'Impressions', 44, NULL, 'CMaj', NULL, 'ORG1', 2008, NULL, NULL, 27, 8, NULL, NULL, NULL, NULL, 1, 0),
(217, 'Five Down', 44, NULL, 'CMin', NULL, 'ORG2P', 2008, NULL, NULL, 27, 9, NULL, NULL, NULL, NULL, 1, 0),
(218, 'Pearls', 44, NULL, 'BbMaj', NULL, 'ORG2P', 2008, NULL, NULL, 27, 10, NULL, NULL, NULL, NULL, 2, 0),
(219, 'Pop Serenade', 44, NULL, 'FMaj', NULL, 'ORG1P', 2008, NULL, NULL, 27, 11, NULL, NULL, NULL, NULL, 2, 0),
(220, 'Prelude No. 1', 44, NULL, 'DMaj', NULL, 'ORG2P', 2008, NULL, NULL, 27, 12, NULL, NULL, NULL, NULL, 3, 0),
(221, 'Go, Tell It On The Mountain', 44, NULL, 'FMaj', NULL, 'ORG2P', 2008, NULL, NULL, 27, 13, NULL, NULL, NULL, NULL, 2, 0),
(222, 'Stompin\'', 44, NULL, 'FMaj', NULL, 'ORG2P', 2008, NULL, NULL, 27, 14, NULL, NULL, NULL, NULL, 3, 0),
(223, 'Straight Ahead', 44, NULL, 'BbMaj', NULL, 'ORG2P', 2008, NULL, NULL, 27, 15, NULL, NULL, NULL, NULL, 3, 0),
(224, 'Swing', 44, NULL, 'CMaj', NULL, 'ORG2P', 2008, NULL, NULL, 27, 16, NULL, NULL, NULL, NULL, 3, 0),
(225, 'Keep Cool', 44, NULL, 'FMin', NULL, 'ORG2P', 2008, NULL, NULL, 27, 17, NULL, NULL, NULL, NULL, 2, 0),
(226, 'Fantasia', 44, NULL, 'CMaj', NULL, 'ORG2P', 2008, NULL, NULL, 27, 18, NULL, NULL, NULL, NULL, 3, 0),
(227, 'Stay Tuned', 44, NULL, 'FMaj', NULL, 'ORG2P', 2008, NULL, NULL, 27, 19, NULL, NULL, NULL, NULL, 3, 0),
(228, 'That\'s It', 44, NULL, 'FMaj', NULL, 'ORG2P', 2008, NULL, NULL, 27, 20, NULL, NULL, NULL, NULL, 3, 0),
(229, 'Ave maris stella', 22, NULL, 'GMin', NULL, 'ORG2P', 1600, NULL, NULL, NULL, NULL, NULL, NULL, NULL, 1, 2, 0),
(230, 'Praeambulum 6 vocum', 23, NULL, 'GMixo', NULL, 'ORG2P', 1600, NULL, NULL, NULL, NULL, NULL, NULL, NULL, 12, 2, 0),
(231, 'Christ lag in Todesbanden', 24, NULL, 'DDor', NULL, 'ORG2P', 1600, NULL, NULL, NULL, NULL, NULL, NULL, NULL, 1, 2, 0),
(232, 'Christe redemptor omnium', 25, 'Christe redemptor omnium, Hymnus in Nativitate Domini', 'DDor', NULL, 'ORG2P', 1600, NULL, NULL, NULL, NULL, NULL, 'Christmas', NULL, 1, 2, 0),
(233, 'Praeambulum', 26, NULL, 'FMaj', NULL, 'ORG1P', 1600, NULL, NULL, NULL, NULL, NULL, NULL, NULL, 12, 2, 0),
(234, 'Ave Jerarchia', 26, 'Ave Jerarchia (Gottes Sohn ist kommen)', 'FMaj', NULL, 'ORG2P', 1600, NULL, NULL, NULL, NULL, NULL, 'Advent', NULL, 1, 2, 0),
(235, 'Fantasy', 45, NULL, 'ADor', NULL, 'ORG1P', 1600, NULL, NULL, NULL, NULL, NULL, NULL, NULL, 3, 2, 0),
(236, 'Kyrie de nuestra Senora', 27, NULL, 'DDor', NULL, 'ORG1P', 1600, NULL, NULL, NULL, NULL, NULL, NULL, NULL, 1, 2, 0),
(237, 'Ricercare del primo tono', 30, NULL, 'DDor', NULL, 'ORG1P', 1600, NULL, NULL, NULL, NULL, NULL, NULL, NULL, 10, 2, 0),
(238, 'Christ ist erstanden', 29, NULL, 'DDor', NULL, 'ORG1P', 1600, NULL, NULL, NULL, NULL, NULL, NULL, NULL, 1, 2, 0),
(239, 'Toccata del secondo tono', 30, NULL, 'GDor', NULL, 'ORG2P', 1600, NULL, NULL, NULL, NULL, NULL, NULL, NULL, 13, 2, 0),
(240, 'Ricercar V. Toni', 31, NULL, 'CMaj', NULL, 'ORG2P', 1600, NULL, NULL, NULL, NULL, NULL, NULL, NULL, 10, 2, 0),
(241, 'Voluntary Tone 3', 32, NULL, NULL, NULL, 'ORG1P', 1600, NULL, NULL, NULL, NULL, NULL, NULL, NULL, 3, 2, 0),
(242, 'Christum wir sollen loben schon', 33, NULL, 'AMin', NULL, 'ORG2P', 1600, NULL, NULL, NULL, NULL, NULL, NULL, NULL, 1, 2, 0),
(243, 'Praeambulum', 34, NULL, 'GMaj', NULL, 'ORG1P', 1600, NULL, NULL, NULL, NULL, NULL, NULL, NULL, 12, 2, 0),
(244, 'Herzlich lieb hab ich dich, o mein Herr', 34, 'Herzlich lieb hab ich dich, o mein Herr ad manuale duplex', 'CMaj', NULL, 'ORG2P', 1600, NULL, NULL, NULL, NULL, NULL, NULL, NULL, 1, 2, 0),
(245, 'A solis ortus cardine', 35, 'A solis ortus cardine, Hymnus de nativitate Domini', 'DDor', NULL, 'ORG2P', 1600, NULL, NULL, NULL, NULL, NULL, NULL, NULL, 1, 2, 0),
(246, 'Praeambulum', 36, NULL, 'FMaj', NULL, 'ORG1P', 1600, NULL, NULL, NULL, NULL, NULL, NULL, NULL, 12, 2, 0),
(247, 'Canzon a 4', 37, NULL, 'GMin', NULL, 'ORG1', 1600, NULL, NULL, NULL, NULL, NULL, NULL, NULL, NULL, 2, 0),
(248, 'Gelobet seist du, Jesu Christ', 38, NULL, 'GMixo', NULL, 'ORG2P', 1600, NULL, NULL, NULL, NULL, NULL, NULL, NULL, 1, 2, 0),
(249, 'Magnificat im 8. Ton', 39, NULL, 'GMixo', NULL, 'ORG2P', 1600, NULL, NULL, NULL, NULL, NULL, 'Christmas', NULL, 1, 3, 0),
(250, 'Les cloches', 39, NULL, 'FMaj', NULL, 'ORG2P', 1600, NULL, NULL, NULL, NULL, NULL, NULL, NULL, NULL, 2, 0),
(251, 'Toccata', 40, NULL, 'AMaj', NULL, 'ORG2P', 1600, NULL, NULL, NULL, NULL, NULL, NULL, NULL, 13, 3, 0),
(252, 'Toccata', 41, NULL, 'CMaj', NULL, 'ORG2P', 1600, NULL, NULL, NULL, NULL, NULL, NULL, NULL, 13, 3, 0),
(253, 'Sonata', 42, NULL, 'GMaj', NULL, 'ORG2P', 1700, NULL, NULL, NULL, NULL, NULL, NULL, NULL, 9, 2, 0),
(254, 'Noël', 43, 'Noël, Grand jeu et Duo', 'GMaj', NULL, 'ORG2P', 1750, NULL, NULL, NULL, NULL, NULL, 'Christmas', NULL, 2, 1, 0),
(255, 'Variations Sur un Noël', 46, 'Variations Sur un Noël', 'DMin', '20', 'ORG2P', 1922, NULL, NULL, NULL, NULL, 10, 'Christmas', 'Based on \'Noël Nouvelet\'', 2, 6, 0),
(256, 'Evocation à la Chapelle Sixtine', 5, 'Evocation à la Chapelle Sixtine', 'BMaj', '658', 'ORG2P', 1863, 5, 'PF', NULL, NULL, 16, NULL, 'Transcription of Liszt\'s own piano phantasy S.461 with the same title, that is based on Allegri\'s Miserere and Mozart\'s Ave Verum Corpus.', 3, 3, 0),
(257, 'Weinen, Klagen, Sorgen, Zagen', 5, 'Weinen, Klagen, Sorgen, Zagen, variationen über das Motiv von Bach', 'FMin', '673', 'ORG2P', 1863, 5, 'PF', NULL, NULL, 17, 'Mourning', 'Based on the basso continuo part of the first part of Bach\'s cantata \'Weinen, Klagen, Sorgen, Zagen\' and the Crucifixus from the Mass in B minor', 2, 3, 1),
(258, 'Prélude, Choral et Fugue', 2, 'Prélude, Choral et Fugue', 'BMin', 'FWV 21', 'PF', 1884, NULL, NULL, NULL, NULL, 19, NULL, NULL, 7, 3, 0),
(259, 'Introduction and Fugue Ich hatte viel Bekümmernis', 1, 'Introduction and Fugue from the Cantata \'Ich hatte viel Bekümmernis\'', 'CMaj', '21', 'ORG2P', 1714, 5, 'ORCH', NULL, NULL, 4, NULL, 'Transcription of the final chorus, made in 1860, S 660/1', 7, 6, 0),
(260, 'Adagio', 1, 'Adagio from the fourth sonata for violin and harpsichord', 'EbMaj', '1017', 'ORG2P', 1725, 5, 'VNHPD', NULL, NULL, 3, NULL, 'Transcription made in 1864, S 661', NULL, 6, 1),
(261, 'Aus tiefer Not schrei ich zu Dir', 1, 'Aus tiefer Not schrei ich zu Dir', 'AMin', '38', 'ORG2P', 1724, 5, 'ORCH', NULL, NULL, 4, NULL, 'Transcription of the opening chorus, made in 1860, S 660/2', 10, 3, 0),
(262, 'Regina coeli laetare', 29, 'Regina coeli laetare', 'FMaj', NULL, 'ORG2P', 0, 5, 'CH', NULL, NULL, 2, NULL, 'transcription in 1865, S 663', NULL, 3, 0),
(263, 'Ave verum', 9, 'Ave verum', 'DMaj', '618', 'ORG1P', 1791, 5, 'CH', NULL, NULL, 2, NULL, 'Transcription in 1886, S. 674d', NULL, 3, 0),
(264, 'Ecclesiastical Festival Overture \'Ein feste Burg\'', 47, 'Ecclesiastical Festival Overture on the Chorale \'Ein feste Burg ist unser Gott\'', 'FMaj', '31', 'ORG2P', 1844, 5, 'ORCH', NULL, NULL, 8, NULL, 'Originally composed for the jubilee of Königsberg University in 1844, transcribed in 1852', NULL, 3, 0),
(265, 'Prélude', 48, NULL, 'EMin', '28/4', 'ORG1P', 1839, 5, 'PF', NULL, NULL, 2, NULL, NULL, 12, 6, 1),
(266, 'Prélude', 48, NULL, 'EMaj', '28/9', 'ORG1P', 1839, 5, 'PF', NULL, NULL, 1, NULL, NULL, 12, 6, 1),
(267, 'Agnus Dei', 49, 'Agnus Dei from the Requiem', 'CMaj', NULL, 'ORG2P', 1874, 5, 'ORCH', NULL, NULL, 5, 'Mourning', 'transcribed in 1877', 6, 3, 0),
(268, 'Pilgrim\'s Chorus from \'Tannhäuser\'', 50, NULL, 'EMaj', NULL, 'ORG2P', 0, 5, 'ORCH', NULL, NULL, 7, NULL, 'Transcribed in 1860 and 1862', NULL, 3, 0);
CREATE TABLE `composition_by_album` (
`title` varchar(50)
,`composer` varchar(72)
,`album` varchar(50)
,`album-position` varchar(11)
,`collection` varchar(64)
,`key` varchar(18)
,`duration` int(11)
,`status` varchar(50)
);
CREATE TABLE `composition_by_composer` (
);

CREATE TABLE `concert` (
  `id` int(11) NOT NULL,
  `location` varchar(50) NOT NULL,
  `date` date NOT NULL,
  `description` varchar(400) DEFAULT NULL
) ENGINE=InnoDB DEFAULT CHARSET=utf8 ROW_FORMAT=COMPACT;

CREATE TABLE `includes` (
  `instrumentation_code` varchar(5) NOT NULL,
  `instrument_code` varchar(5) NOT NULL,
  `role` varchar(50) NOT NULL
) ENGINE=InnoDB DEFAULT CHARSET=utf8 ROW_FORMAT=COMPACT;

INSERT INTO `includes` (`instrumentation_code`, `instrument_code`, `role`) VALUES
('CH', 'v', 'part'),
('HARM', 'harm', 'solo'),
('HPD', 'hpd', 'solo'),
('KBD', 'dkbd', 'solo'),
('KBD', 'harm', 'solo'),
('KBD', 'hpd', 'solo'),
('KBD', 'org1', 'solo'),
('KBD', 'org1p', 'solo'),
('KBD', 'org2p', 'solo'),
('KBD', 'org3p', 'solo'),
('KBD', 'pf', 'solo'),
('ORG1', 'org1', 'solo'),
('ORG1', 'org1p', 'solo'),
('ORG1', 'org2p', 'solo'),
('ORG1', 'org3p', 'solo'),
('ORG1P', 'org1p', 'solo'),
('ORG1P', 'org2p', 'solo'),
('ORG1P', 'org3p', 'solo'),
('ORG2P', 'org2p', 'solo'),
('ORG2P', 'org3p', 'solo'),
('ORG3P', 'org3p', 'solo'),
('PF', 'pf', 'solo'),
('PFHRM', 'harm', 'duo'),
('PFHRM', 'pf', 'duo'),
('VNHPD', 'hpd', 'duo'),
('VNHPD', 'vn', 'duo');

CREATE TABLE `instrument` (
  `code` varchar(5) NOT NULL,
  `name` varchar(50) NOT NULL,
  `playing_range` varchar(10) DEFAULT NULL,
  `additional_info` varchar(400) DEFAULT NULL
) ENGINE=InnoDB DEFAULT CHARSET=utf8 ROW_FORMAT=COMPACT;

INSERT INTO `instrument` (`code`, `name`, `playing_range`, `additional_info`) VALUES
('dkbd', 'Digital keyboard', NULL, NULL),
('harm', 'Harmonium', NULL, NULL),
('hpd', 'Harpsichord', NULL, NULL),
('org1', 'Organ with one manual, no pedals needed', NULL, NULL),
('org1p', 'Organ with at least one manual and pedals', NULL, NULL),
('org2p', 'Organ with at least two manuals and pedals', NULL, NULL),
('org3p', 'Organ with at least three manuals and pedals', NULL, NULL),
('pf', 'Piano', NULL, NULL),
('v', 'Voice', NULL, NULL),
('vn', 'Violin', NULL, NULL);

CREATE TABLE `instrumentation` (
  `code` varchar(5) NOT NULL,
  `description` varchar(100) NOT NULL,
  `type` varchar(50) DEFAULT NULL,
  `conducted` tinyint(1) NOT NULL
) ENGINE=InnoDB DEFAULT CHARSET=utf8 ROW_FORMAT=COMPACT;

INSERT INTO `instrumentation` (`code`, `description`, `type`, `conducted`) VALUES
('CH', 'Chorus', 'chorus', 1),
('HARM', 'Harmonium', 'solo', 0),
('HPD', 'Harpsichord', 'solo', 0),
('KBD', 'Keyboard: either organ, piano, harpsichord or digital keyboard', 'solo', 0),
('ORCH', 'Symphonic Orchestra', 'orchestra', 1),
('ORG1', 'Organ with one manual, no pedals needed', 'solo', 0),
('ORG1P', 'Organ with at least one manual and pedals', 'solo', 0),
('ORG2P', 'Organ with at least two manuals and pedals', 'solo', 0),
('ORG3P', 'Organ with at least three manuals and pedals', 'solo', 0),
('PF', 'Piano', 'solo', 0),
('PFHRM', 'Piano and Harmonium', 'duo', 0),
('VNHPD', 'Violin and Harpsichord', 'duo', 0);

CREATE TABLE `musical_form` (
  `id` int(11) NOT NULL,
  `name` varchar(50) NOT NULL
) ENGINE=InnoDB DEFAULT CHARSET=utf8 ROW_FORMAT=COMPACT;

INSERT INTO `musical_form` (`id`, `name`) VALUES
(1, 'Chorale prelude'),
(2, 'Chorale with variations'),
(3, 'Fantasy'),
(4, 'Symphony'),
(5, 'Pastorale'),
(6, 'Mass'),
(7, 'Prelude and fugue'),
(8, 'Scherzo'),
(9, 'Sonata'),
(10, 'Fugue'),
(11, 'Lied'),
(12, 'Prelude'),
(13, 'Toccata');

CREATE TABLE `performed_at` (
  `concert_id` int(11) NOT NULL,
  `composition_id` int(11) NOT NULL,
  `position` int(11) NOT NULL
) ENGINE=InnoDB DEFAULT CHARSET=utf8 ROW_FORMAT=COMPACT;

CREATE TABLE `published_in` (
  `composition_id` int(11) NOT NULL,
  `score_id` int(11) NOT NULL,
  `position` int(11) NOT NULL
) ENGINE=InnoDB DEFAULT CHARSET=utf8 ROW_FORMAT=COMPACT;

INSERT INTO `published_in` (`composition_id`, `score_id`, `position`) VALUES
(1, 1, 1),
(2, 1, 2),
(3, 1, 3),
(4, 1, 4),
(5, 1, 5),
(6, 1, 6),
(7, 1, 7),
(8, 1, 8),
(9, 1, 9),
(10, 1, 10),
(11, 1, 11),
(12, 1, 12),
(13, 1, 13),
(14, 1, 14),
(15, 1, 15),
(16, 1, 16),
(17, 1, 17),
(18, 1, 18),
(19, 1, 19),
(20, 1, 20),
(21, 1, 21),
(22, 1, 22),
(23, 1, 23),
(24, 1, 24),
(25, 1, 25),
(26, 1, 26),
(27, 1, 27),
(28, 1, 28),
(29, 1, 29),
(30, 1, 30),
(31, 1, 31),
(32, 1, 32),
(33, 1, 33),
(34, 1, 34),
(35, 1, 35),
(36, 1, 36),
(37, 1, 37),
(38, 1, 38),
(39, 1, 39),
(40, 1, 40),
(41, 1, 41),
(42, 1, 42),
(43, 1, 43),
(44, 1, 44),
(45, 1, 45),
(46, 1, 46),
(47, 1, 47),
(48, 1, 48),
(49, 1, 49),
(50, 1, 50),
(51, 1, 51),
(52, 1, 52),
(53, 1, 53),
(54, 2, 1),
(55, 2, 2),
(56, 2, 3),
(57, 2, 4),
(58, 2, 5),
(59, 2, 6),
(60, 2, 7),
(61, 2, 8),
(62, 2, 9),
(63, 2, 10),
(64, 2, 11),
(65, 2, 12),
(66, 3, 1),
(67, 4, 1),
(68, 4, 2),
(69, 4, 3),
(70, 4, 4),
(71, 4, 5),
(72, 5, 1),
(73, 5, 2),
(74, 5, 3),
(75, 5, 4),
(76, 6, 1),
(77, 7, 1),
(78, 8, 1),
(79, 9, 1),
(79, 20, 2),
(79, 36, 1),
(80, 10, 1),
(81, 10, 2),
(82, 10, 3),
(83, 10, 4),
(84, 10, 5),
(85, 10, 6),
(86, 10, 7),
(87, 10, 8),
(88, 10, 9),
(89, 10, 10),
(90, 10, 11),
(91, 10, 12),
(92, 10, 13),
(93, 10, 14),
(94, 10, 15),
(95, 10, 16),
(96, 10, 17),
(97, 10, 18),
(98, 10, 19),
(99, 10, 20),
(101, 10, 21),
(102, 10, 22),
(103, 11, 1),
(104, 11, 2),
(105, 11, 3),
(106, 11, 4),
(107, 11, 5),
(108, 11, 6),
(109, 11, 7),
(110, 11, 8),
(111, 11, 9),
(112, 11, 10),
(113, 11, 11),
(114, 11, 12),
(115, 11, 13),
(116, 11, 14),
(117, 11, 15),
(118, 12, 1),
(119, 12, 2),
(120, 13, 1),
(121, 14, 1),
(122, 15, 1),
(123, 16, 1),
(124, 16, 2),
(125, 16, 3),
(126, 16, 4),
(127, 16, 5),
(128, 16, 6),
(129, 17, 1),
(130, 17, 2),
(131, 17, 3),
(132, 17, 4),
(133, 17, 5),
(134, 17, 6),
(137, 18, 1),
(138, 19, 1),
(139, 19, 2),
(140, 19, 3),
(141, 19, 4),
(142, 19, 5),
(146, 20, 1),
(147, 20, 3),
(148, 20, 4),
(149, 20, 5),
(150, 20, 6),
(151, 20, 7),
(152, 20, 8),
(153, 20, 9),
(154, 20, 10),
(155, 20, 11),
(156, 20, 12),
(157, 20, 13),
(158, 20, 14),
(159, 20, 15),
(160, 20, 16),
(161, 20, 17),
(162, 20, 18),
(163, 20, 19),
(164, 20, 20),
(165, 20, 21),
(166, 21, 1),
(167, 21, 2),
(168, 21, 3),
(169, 21, 4),
(170, 21, 5),
(171, 21, 6),
(172, 21, 7),
(173, 21, 8),
(174, 21, 9),
(175, 21, 10),
(176, 21, 11),
(177, 21, 12),
(178, 22, 1),
(179, 22, 2),
(180, 22, 3),
(181, 22, 4),
(182, 22, 5),
(183, 22, 6),
(184, 22, 7),
(185, 22, 8),
(186, 22, 9),
(187, 22, 10),
(188, 22, 11),
(189, 22, 12),
(190, 23, 1),
(191, 23, 2),
(192, 23, 3),
(193, 24, 1),
(197, 25, 1),
(198, 25, 2),
(199, 25, 3),
(200, 25, 4),
(201, 26, 1),
(203, 29, 1),
(204, 30, 1),
(205, 28, 1),
(206, 27, 1),
(207, 31, 1),
(208, 31, 2),
(209, 34, 1),
(210, 34, 2),
(211, 34, 3),
(212, 34, 4),
(213, 34, 5),
(214, 34, 6),
(215, 34, 7),
(216, 34, 8),
(217, 34, 9),
(218, 34, 10),
(219, 34, 11),
(220, 34, 12),
(221, 34, 13),
(222, 34, 14),
(223, 34, 15),
(224, 34, 16),
(225, 34, 17),
(226, 34, 18),
(227, 34, 19),
(228, 34, 20),
(229, 33, 1),
(230, 33, 2),
(231, 33, 3),
(232, 33, 4),
(233, 33, 5),
(234, 33, 6),
(235, 33, 7),
(236, 33, 8),
(237, 33, 9),
(238, 33, 10),
(239, 33, 11),
(240, 33, 12),
(241, 33, 13),
(242, 33, 14),
(243, 33, 15),
(244, 33, 16),
(245, 33, 17),
(246, 33, 18),
(247, 33, 19),
(248, 33, 20),
(249, 33, 21),
(250, 33, 22),
(251, 33, 23),
(252, 33, 24),
(253, 33, 25),
(254, 33, 26),
(255, 35, 1),
(256, 36, 2),
(257, 36, 3),
(258, 37, 1),
(259, 38, 1),
(260, 38, 2),
(261, 38, 3),
(262, 38, 4),
(263, 38, 5),
(264, 38, 6),
(265, 38, 7),
(266, 38, 8),
(267, 38, 9),
(268, 38, 10);

CREATE TABLE `recorded_on` (
  `album_id` int(11) NOT NULL,
  `composition_id` int(11) NOT NULL,
  `position` int(11) NOT NULL
) ENGINE=InnoDB DEFAULT CHARSET=utf8 ROW_FORMAT=COMPACT;

INSERT INTO `recorded_on` (`album_id`, `composition_id`, `position`) VALUES
(1, 63, 2),
(1, 64, 4),
(1, 65, 6),
(2, 55, 3),
(2, 58, 1),
(3, 54, 1),
(3, 56, 3),
(3, 57, 2),
(3, 103, 8),
(3, 104, 4),
(3, 113, 5),
(3, 114, 6),
(3, 116, 7),
(4, 54, 3),
(4, 59, 4),
(4, 79, 1),
(5, 60, 4),
(5, 61, 5),
(5, 62, 6),
(5, 76, 1),
(5, 77, 3),
(5, 78, 2),
(6, 66, 1),
(6, 72, 5),
(6, 73, 6),
(6, 74, 7),
(6, 75, 8),
(7, 134, 2),
(7, 137, 1),
(8, 67, 8),
(8, 68, 9),
(8, 69, 10),
(8, 70, 11),
(8, 71, 12),
(10, 120, 1),
(10, 190, 3),
(10, 191, 4),
(10, 192, 5),
(10, 201, 2),
(12, 62, 4),
(12, 121, 5),
(12, 143, 1),
(12, 144, 2),
(12, 145, 3),
(13, 83, 4),
(13, 84, 5),
(13, 85, 6),
(13, 86, 7),
(13, 87, 8),
(13, 88, 9),
(13, 89, 10),
(13, 90, 11),
(13, 91, 12),
(13, 92, 13),
(13, 93, 14),
(13, 94, 15),
(13, 95, 16),
(13, 96, 17),
(13, 97, 18),
(13, 98, 19),
(13, 99, 20),
(13, 101, 21),
(13, 102, 22),
(13, 194, 1),
(13, 195, 2),
(13, 196, 3);

CREATE TABLE `score` (
  `id` int(11) NOT NULL,
  `type` varchar(50) NOT NULL,
  `book_title` varchar(50) DEFAULT NULL,
  `description` varchar(400) NOT NULL,
  `editor` varchar(50) DEFAULT NULL,
  `publisher` varchar(50) DEFAULT NULL,
  `publishing_year` smallint(6) NOT NULL
) ENGINE=InnoDB DEFAULT CHARSET=utf8 ROW_FORMAT=COMPACT;

INSERT INTO `score` (`id`, `type`, `book_title`, `description`, `editor`, `publisher`, `publishing_year`) VALUES
(1, 'binding', 'J.S. Bach: Complete Organ Works 5', 'Orgelbüchlein, chorale partitas and canonic variations', 'Tamás Zászkaliczky', 'Editio Musica Budapest', 1987),
(2, 'binding', 'César Franck: Organ Works', 'Six Pièces, Trois Pièces and Trois Chorals', 'Reprint of original Durand edition', 'Dover Publications', 1987),
(3, 'binding', 'Messiaen: Diptyque pour orgue', 'Diptyque', NULL, 'Durand Editions Musicales', 1930),
(4, 'binding', 'Messiaen: Messe de la Pentecôte pour orgue', 'Messe de la Pentecôte', NULL, 'Alphonse Leduc', 1951),
(5, 'binding', 'Messiaen: L\'Ascension pour orgue', 'L\'Ascension', 'Alphonse Leduc', 'Alphonse Leduc', 1934),
(6, 'binding', 'Duruflé: Prélude et Fugue sur le nom d\'Alain', 'Prélude et Fugue sur le nom d\'Alain', NULL, 'Durand Editions Musicales', 1943),
(7, 'binding', 'Duruflé: Scherzo pour orgue', 'Scherzo', NULL, 'Durand Editions Musicales', 1929),
(8, 'sheets', 'Duruflé: Méditation pour orgue', 'Méditation', NULL, 'Durand Editions Musicales', 1964),
(9, 'binding', 'Liszt: Praeludium und Fuge über B.A.C.H.', 'Praeludium und Fuge über B.A.C.H.', 'Alexander Wilhelm Gottschalg', 'Neue Musik AG Winterthur', 1985),
(10, 'binding', 'Felix Mendelssohn: Organ works', 'Three preludes and fugues, six sonatas', NULL, 'Kalmus Edition', 1985),
(11, 'binding', 'Brahms: Sämtliche orgelwerke', 'Vier frühe Kompositionen und Elf Choralvorspiele', 'Walter Buszin, Paul Bunjes', 'Edition Peters', 1992),
(12, 'binding', 'Reger: Fantasie und Fuge für Orgel', 'Fantasie und Fuge für Orgel', NULL, 'Edition Peters', 1979),
(13, 'binding', 'Mozart: Andante', 'Andante für eine Walze in eine kleine Orgel', 'B.A. Wallner', 'Henle Verlag', 1955),
(14, 'binding', 'Jongen: Sonata Eroïca', 'Sonata Eroïca', NULL, 'Leduc Editions Musicales', 1932),
(15, 'binding', 'Litaize: Arches, Fantaisie pour Orgue', 'Arches', NULL, 'Éditions Henry Lemoine', 1987),
(16, 'binding', 'Litaize: Douze Pièces pour Grand Orgue I', 'Douze Pièces 1-6', NULL, 'Leduc Editions Musicales', 1939),
(17, 'binding', 'Litaize: Douze Pièces pour Grand Orgue II', 'Douze Pièces 7-12', NULL, 'Leduc Editions Musicales', 1939),
(18, 'binding', 'Litaize: Prélude et Danse Fuguée pour Orgue', 'Prélude et Danse Fuguée', NULL, 'Leduc Editions Musicales', 1964),
(19, 'binding', 'Litaize: Messe Basse pour tous les temps', 'Messe Basse pour tous les temps', NULL, 'Schola Cantorum et Procure Générale de Musique', 1957),
(20, 'binding', 'Orgelkompositionen von Franz Liszt II', 'Ad nos, B.A.C.H. and church music', 'Karl Straube', 'Edition Peters', 1950),
(21, 'binding', 'Vierne: 24 Pièces en style libre I', '24 Pièces en style libre 1-12', NULL, 'Durand Editions Musicales', 1914),
(22, 'binding', 'Vierne: 24 Pièces en style libre II', '24 Pièces en style libre 13-24', NULL, 'Durand Editions Musicales', 1914),
(23, 'binding', 'Radulescu: Ricercari', 'Ricercari', NULL, 'Doblinger', 1987),
(24, 'binding', 'Elgar: Pomp and Circumstance March no. 4 for organ', 'Pomp and Circumstance March no. 4', 'G.R. Sinclair', 'Boosey and Hawkes', 1935),
(25, 'binding', 'Becker: First Sonata in G minor', 'Sonata no. 1', NULL, 'Schirmer', 1912),
(26, 'sheets', NULL, 'Pari Intervallo for organ with 3 manuals', 'Bert van Stam', 'Bert van Stam', 2015),
(27, 'binding', 'Welmers: Laudate Dominum', 'Laudate Dominum', NULL, 'Harmonia Uitgave', 1980),
(28, 'binding', 'Welmers: Passacaglia', 'Passacaglia', NULL, 'Harmonia Uitgave', 1970),
(29, 'binding', 'Welmers: Partita \"O Grote Christus, Eeuwig Licht\"', 'Partita \"O Grote Christus, Eeuwig Licht\"', NULL, 'Harmonia Uitgave', 1970),
(30, 'binding', 'Welmers: Sequens', 'Sequens', NULL, 'Donemus', 1986),
(31, 'binding', 'Gubaidulina: Hell und Dunkel, Pärt: Trivium', 'Hell und Dunkel, Trivium', NULL, 'Musikverlag Hans Sikorski', 1988),
(32, 'binding', 'Orgelmusik aus drei Jahrhunderten I', 'Hofhaimer - d\'Aquin', 'Traugott Fedtke', 'Edition Peters', 1978),
(33, 'binding', 'Orgelmusik aus drei Jahrhunderten I', 'Hofhaimer - d\'Aquin', 'Traugott Fedtke', 'Edition Peters', 1978),
(34, 'binding', 'Schütz: 20 Pop-Stücke für Orgel', '20 Pop-Stücke für Orgel', NULL, 'Strube Verlag', 2008),
(35, 'binding', 'Variation Sur un Noël', 'Variation Sur un Noël', NULL, 'Alphonse Leduc', 1923),
(36, 'binding', 'Liszt - Sämtliche Orgelwerke Band 2', 'Prelude and Fugue on B-A-C-H, Evocation à la Chapelle Sixtine, \'Weinen, Klagen, Sorgen, Zagen\'', 'Häselbock, Martin', 'Universal Edition', 1986),
(37, 'binding', 'Franck: Prélude, Choral et Fugue', 'Prélude, Choral et Fugue', 'Ernst-Günter Heinemann', 'Henle Verlag', 1995),
(38, 'binding', 'Liszt: Sämtliche Orgelwerke Band 7', 'Transcriptions of works by other composers', 'Häselbock, Martin', 'Universal Edition', 1984);

CREATE TABLE `status` (
  `id` int(11) NOT NULL,
  `description` varchar(50) NOT NULL
) ENGINE=InnoDB DEFAULT CHARSET=utf8 ROW_FORMAT=COMPACT;

INSERT INTO `status` (`id`, `description`) VALUES
(1, 'ready'),
(2, 'to be finished'),
(3, 'not started yet'),
(6, 'study with priority');

CREATE TABLE `tonality` (
  `code` varchar(7) NOT NULL,
  `root` varchar(7) NOT NULL,
  `mode` varchar(10) NOT NULL,
  `key_signature` varchar(2) NOT NULL
) ENGINE=InnoDB DEFAULT CHARSET=utf8 ROW_FORMAT=COMPACT;

INSERT INTO `tonality` (`code`, `root`, `mode`, `key_signature`) VALUES
('AbMaj', 'A-flat', 'Major', '4-'),
('ADor', 'A', 'Dorian', '1+'),
('ALyd', 'A', 'Lydian', '4+'),
('AMaj', 'A', 'Major', '3+'),
('AMin', 'A', 'Minor', '0'),
('APhryg', 'A', 'Phrygian', '1-'),
('BbMaj', 'B-flat', 'Major', '2-'),
('BbMin', 'B-flat', 'Minor', '5-'),
('BMaj', 'B', 'Major', '5+'),
('BMin', 'B', 'Minor', '2+'),
('BPhryg', 'B', 'Phrygian', '1+'),
('C+Min', 'C-sharp', 'Minor', '4+'),
('CDor', 'C', 'Dorian', '2-'),
('CLyd', 'C', 'Lydian', '1+'),
('CMaj', 'C', 'Major', '0'),
('CMin', 'C', 'Minor', '3-'),
('CMixo', 'C', 'Mixolydian', '1-'),
('DbMaj', 'D-flat', 'Major', '5-'),
('DDor', 'D', 'Dorian', '0'),
('DMaj', 'D', 'Major', '2+'),
('DMin', 'D', 'Minor', '1-'),
('DMixo', 'D', 'Mixolydian', '1+'),
('DPhryg', 'D', 'Phrygian', '2-'),
('EbMaj', 'E-flat', 'Major', '3-'),
('EbMin', 'E-flat', 'Minor', '6-'),
('EMaj', 'E', 'Major', '4+'),
('EMin', 'E', 'Minor', '1+'),
('EMixo', 'E', 'Mixolydian', '4+'),
('EPhryg', 'E', 'Phrygian', '0'),
('F+Dor', 'F-sharp', 'Dorian', '4+'),
('F+Maj', 'F-sharp', 'Major', '6+'),
('F+Min', 'F-sharp', 'Minor', '3+'),
('FLyd', 'F', 'Lydian', '0'),
('FMaj', 'F', 'Major', '1-'),
('FMin', 'F', 'Minor', '4-'),
('FMixo', 'F', 'Mixolydian', '2-'),
('G+Min', 'G-sharp', 'Minor', '5+'),
('GDor', 'G', 'Dorian', '1-'),
('GLyd', 'G', 'Lydian', '2+'),
('GMaj', 'G', 'Major', '1+'),
('GMin', 'G', 'Minor', '2-'),
('GMixo', 'G', 'Mixolydian', '0');
DROP TABLE IF EXISTS `composition_by_album`;

CREATE ALGORITHM=UNDEFINED DEFINER=`root`@`localhost` SQL SECURITY DEFINER VIEW `composition_by_album`  AS  (select `composition`.`title` AS `title`,concat(`author`.`last_name`,', ',`author`.`initials`) AS `composer`,coalesce(`album`.`title`,'') AS `album`,coalesce(`recorded_on`.`position`,'') AS `album-position`,(case when isnull(`composition`.`collection_id`) then '' else concat(`collection`.`title`,' (',`composition`.`collection_position`,')') end) AS `collection`,concat(`tonality`.`root`,' ',`tonality`.`mode`) AS `key`,`composition`.`duration` AS `duration`,`status`.`description` AS `status` from ((((((`composition` left join `recorded_on` on((`recorded_on`.`composition_id` = `composition`.`id`))) left join `album` on((`recorded_on`.`album_id` = `album`.`id`))) left join `composer` `author` on((`composition`.`composer_id` = `author`.`id`))) left join `status` on((`composition`.`status_id` = `status`.`id`))) left join `tonality` on((`composition`.`tonality_code` = `tonality`.`code`))) left join `collection` on((`composition`.`collection_id` = `collection`.`id`))) where (`composition`.`to_be_recorded` = 1)) union (select `composition`.`title` AS `title`,concat(`author`.`last_name`,', ',`author`.`initials`) AS `composer`,coalesce(`album`.`title`,'') AS `album`,coalesce(`recorded_on`.`position`,'') AS `album-position`,(case when isnull(`composition`.`collection_id`) then '' else concat(`collection`.`title`,' (',`composition`.`collection_position`,')') end) AS `collection`,concat(`tonality`.`root`,' ',`tonality`.`mode`) AS `key`,`composition`.`duration` AS `duration`,`status`.`description` AS `status` from ((((((`recorded_on` left join `composition` on((`recorded_on`.`composition_id` = `composition`.`id`))) left join `album` on((`recorded_on`.`album_id` = `album`.`id`))) left join `composer` `author` on((`composition`.`composer_id` = `author`.`id`))) left join `status` on((`composition`.`status_id` = `status`.`id`))) left join `tonality` on((`composition`.`tonality_code` = `tonality`.`code`))) left join `collection` on((`composition`.`collection_id` = `collection`.`id`)))) order by `album`,`album-position` ;
DROP TABLE IF EXISTS `composition_by_composer`;


ALTER TABLE `album`
  ADD PRIMARY KEY (`id`);

ALTER TABLE `collection`
  ADD PRIMARY KEY (`id`),
  ADD KEY `Collection-Musical_Form` (`musical_form_id`);

ALTER TABLE `composer`
  ADD PRIMARY KEY (`id`);

ALTER TABLE `composition`
  ADD PRIMARY KEY (`id`),
  ADD KEY `Composition-Composer` (`composer_id`),
  ADD KEY `Composition-Instrumentation` (`instrumentation_code`),
  ADD KEY `Composition-Transcriber` (`transcriber_id`),
  ADD KEY `Composition-Initial_Instrumentation` (`initial_instrumentation_code`),
  ADD KEY `Composition-Collection` (`collection_id`),
  ADD KEY `Composition-Musical_Form` (`musical_form_id`),
  ADD KEY `Composition-Status` (`status_id`),
  ADD KEY `Composition-Tonality` (`tonality_code`);

ALTER TABLE `concert`
  ADD PRIMARY KEY (`id`);

ALTER TABLE `includes`
  ADD PRIMARY KEY (`instrumentation_code`,`instrument_code`),
  ADD KEY `Instrumentation-Instrument` (`instrument_code`);

ALTER TABLE `instrument`
  ADD PRIMARY KEY (`code`);

ALTER TABLE `instrumentation`
  ADD PRIMARY KEY (`code`);

ALTER TABLE `musical_form`
  ADD PRIMARY KEY (`id`);

ALTER TABLE `performed_at`
  ADD PRIMARY KEY (`concert_id`,`composition_id`),
  ADD KEY `Concert-Composition` (`composition_id`);

ALTER TABLE `published_in`
  ADD PRIMARY KEY (`composition_id`,`score_id`),
  ADD KEY `Composition-Score` (`score_id`);

ALTER TABLE `recorded_on`
  ADD PRIMARY KEY (`album_id`,`composition_id`),
  ADD KEY `Album-Composition` (`composition_id`);

ALTER TABLE `score`
  ADD PRIMARY KEY (`id`);

ALTER TABLE `status`
  ADD PRIMARY KEY (`id`);

ALTER TABLE `tonality`
  ADD PRIMARY KEY (`code`);


ALTER TABLE `album`
  MODIFY `id` int(11) NOT NULL AUTO_INCREMENT, AUTO_INCREMENT=14;
ALTER TABLE `collection`
  MODIFY `id` int(11) NOT NULL AUTO_INCREMENT, AUTO_INCREMENT=28;
ALTER TABLE `composer`
  MODIFY `id` int(11) NOT NULL AUTO_INCREMENT, AUTO_INCREMENT=51;
ALTER TABLE `composition`
  MODIFY `id` int(11) NOT NULL AUTO_INCREMENT, AUTO_INCREMENT=269;
ALTER TABLE `concert`
  MODIFY `id` int(11) NOT NULL AUTO_INCREMENT;
ALTER TABLE `musical_form`
  MODIFY `id` int(11) NOT NULL AUTO_INCREMENT, AUTO_INCREMENT=14;
ALTER TABLE `score`
  MODIFY `id` int(11) NOT NULL AUTO_INCREMENT, AUTO_INCREMENT=39;
ALTER TABLE `status`
  MODIFY `id` int(11) NOT NULL AUTO_INCREMENT, AUTO_INCREMENT=7;

ALTER TABLE `collection`
  ADD CONSTRAINT `Collection-Musical_Form` FOREIGN KEY (`musical_form_id`) REFERENCES `musical_form` (`id`);

ALTER TABLE `composition`
  ADD CONSTRAINT `Composition-Collection` FOREIGN KEY (`collection_id`) REFERENCES `collection` (`id`),
  ADD CONSTRAINT `Composition-Composer` FOREIGN KEY (`composer_id`) REFERENCES `composer` (`id`),
  ADD CONSTRAINT `Composition-Initial_Instrumentation` FOREIGN KEY (`initial_instrumentation_code`) REFERENCES `instrumentation` (`code`),
  ADD CONSTRAINT `Composition-Instrumentation` FOREIGN KEY (`instrumentation_code`) REFERENCES `instrumentation` (`code`),
  ADD CONSTRAINT `Composition-Musical_Form` FOREIGN KEY (`musical_form_id`) REFERENCES `musical_form` (`id`),
  ADD CONSTRAINT `Composition-Status` FOREIGN KEY (`status_id`) REFERENCES `status` (`id`),
  ADD CONSTRAINT `Composition-Tonality` FOREIGN KEY (`tonality_code`) REFERENCES `tonality` (`code`),
  ADD CONSTRAINT `Composition-Transcriber` FOREIGN KEY (`transcriber_id`) REFERENCES `composer` (`id`);

ALTER TABLE `includes`
  ADD CONSTRAINT `Instrument-Instrumentation` FOREIGN KEY (`instrumentation_code`) REFERENCES `instrumentation` (`code`),
  ADD CONSTRAINT `Instrumentation-Instrument` FOREIGN KEY (`instrument_code`) REFERENCES `instrument` (`code`);

ALTER TABLE `performed_at`
  ADD CONSTRAINT `Composition-Concert` FOREIGN KEY (`concert_id`) REFERENCES `concert` (`id`),
  ADD CONSTRAINT `Concert-Composition` FOREIGN KEY (`composition_id`) REFERENCES `composition` (`id`);

ALTER TABLE `published_in`
  ADD CONSTRAINT `Composition-Score` FOREIGN KEY (`score_id`) REFERENCES `score` (`id`),
  ADD CONSTRAINT `Score-Composition` FOREIGN KEY (`composition_id`) REFERENCES `composition` (`id`);

ALTER TABLE `recorded_on`
  ADD CONSTRAINT `Album-Composition` FOREIGN KEY (`composition_id`) REFERENCES `composition` (`id`),
  ADD CONSTRAINT `Composition-Album` FOREIGN KEY (`album_id`) REFERENCES `album` (`id`);
COMMIT;

/*!40101 SET CHARACTER_SET_CLIENT=@OLD_CHARACTER_SET_CLIENT */;
/*!40101 SET CHARACTER_SET_RESULTS=@OLD_CHARACTER_SET_RESULTS */;
/*!40101 SET COLLATION_CONNECTION=@OLD_COLLATION_CONNECTION */;
